pair_id,left_id,left_name,right_id,right_name,same_session_category,minimum_spacing,rule_title,source_ids,proof_links,evidence_scope
P001,niacinamide,Niacinamide,laa,L-ascorbic acid (low-pH vitamin C),compatible,none,The “they cancel” rule is not supported,s9,https://pubmed.ncbi.nlm.nih.gov/16626384/,"No clinical evidence located shows that sequential finished niacinamide and L-ascorbic-acid products neutralize each other on skin. A human hyperpigmentation study used niacinamide plus ascorbyl glucoside in one gel with ultrasound, showing co-formulation is possible; it was not a trial of separate low-pH LAA and niacinamide serums. Formulas can still sting or pill."
P002,niacinamide,Niacinamide,vitc_derivative,Vitamin C derivative,compatible,none,Supported derivative coexistence,s24,https://pubmed.ncbi.nlm.nih.gov/40062688/,"A randomized study evaluated a serum containing niacinamide, tranexamic acid, stabilized vitamin C, and hydroxy acids. This supports coexistence in a designed derivative formula; it does not make every vitamin C derivative equivalent."
P003,niacinamide,Niacinamide,adapalene,Adapalene,compatible,none,No established inactivation,,,This review found no documented direct-contact inactivation rule for niacinamide with this active. That is not proof every vehicle and concentration pair was clinically tested; treat irritation and the exact finished formula separately from internet pH myths.
P004,niacinamide,Niacinamide,tretinoin_conventional,Tretinoin · conventional cream/gel,compatible,none,No established inactivation,,,This review found no documented direct-contact inactivation rule for niacinamide with this active. That is not proof every vehicle and concentration pair was clinically tested; treat irritation and the exact finished formula separately from internet pH myths.
P005,niacinamide,Niacinamide,tretinoin_stabilized,Tretinoin · microsphere/optimized/fixed,compatible,none,No established inactivation,,,This review found no documented direct-contact inactivation rule for niacinamide with this active. That is not proof every vehicle and concentration pair was clinically tested; treat irritation and the exact finished formula separately from internet pH myths.
P006,niacinamide,Niacinamide,tazarotene,Tazarotene,compatible,none,No established inactivation,,,This review found no documented direct-contact inactivation rule for niacinamide with this active. That is not proof every vehicle and concentration pair was clinically tested; treat irritation and the exact finished formula separately from internet pH myths.
P007,niacinamide,Niacinamide,otc_retinoid,Retinol / retinal / cosmetic retinoid,compatible,none,No established inactivation,,,This review found no documented direct-contact inactivation rule for niacinamide with this active. That is not proof every vehicle and concentration pair was clinically tested; treat irritation and the exact finished formula separately from internet pH myths.
P008,niacinamide,Niacinamide,aha,AHA · glycolic / lactic acid,compatible,none,No established inactivation,,,This review found no documented direct-contact inactivation rule for niacinamide with this active. That is not proof every vehicle and concentration pair was clinically tested; treat irritation and the exact finished formula separately from internet pH myths.
P009,niacinamide,Niacinamide,bha,BHA · salicylic acid leave-on,compatible,none,No established inactivation,,,This review found no documented direct-contact inactivation rule for niacinamide with this active. That is not proof every vehicle and concentration pair was clinically tested; treat irritation and the exact finished formula separately from internet pH myths.
P010,niacinamide,Niacinamide,pha,PHA leave-on,compatible,none,No established inactivation,,,This review found no documented direct-contact inactivation rule for niacinamide with this active. That is not proof every vehicle and concentration pair was clinically tested; treat irritation and the exact finished formula separately from internet pH myths.
P011,niacinamide,Niacinamide,enzyme,Enzyme exfoliant / scrub,compatible,none,No established inactivation,,,This review found no documented direct-contact inactivation rule for niacinamide with this active. That is not proof every vehicle and concentration pair was clinically tested; treat irritation and the exact finished formula separately from internet pH myths.
P012,niacinamide,Niacinamide,urea,Urea 10–20% for rough body skin,compatible,none,Low-load barrier-support coexistence,s47; s54,https://pubmed.ncbi.nlm.nih.gov/34619676/; https://pubmed.ncbi.nlm.nih.gov/32356369/,Urea has randomized barrier/hydration evidence and niacinamide is a low-load support ingredient. No direct inactivation or same-session warning was located for finished products; inspect the vehicle and reduce steps if the formula stings.
P013,niacinamide,Niacinamide,bpo,Benzoyl peroxide,compatible,none,No established inactivation,,,This review found no documented direct-contact inactivation rule for niacinamide with this active. That is not proof every vehicle and concentration pair was clinically tested; treat irritation and the exact finished formula separately from internet pH myths.
P014,niacinamide,Niacinamide,azelaic,Azelaic acid,compatible,none,No established inactivation,,,This review found no documented direct-contact inactivation rule for niacinamide with this active. That is not proof every vehicle and concentration pair was clinically tested; treat irritation and the exact finished formula separately from internet pH myths.
P015,niacinamide,Niacinamide,dapsone,Topical dapsone,caution,different-session,Prescription acne plus support lane,s5; s54,source_docs/DailyMed_dapsone_gel_label_2026-08-23.pdf; https://pubmed.ncbi.nlm.nih.gov/32356369/,"No direct cancellation was found, but dapsone is prescription acne treatment and adding another active makes irritation and attribution harder. Use the prescribing directions and separate initially if the site is reactive."
P016,niacinamide,Niacinamide,sulfur,Sulfur / sulfacetamide-sulfur,caution,different-session,Sulfur label irritation gate,s49,https://dailymed.nlm.nih.gov/dailymed/lookup.cfm?setid=fdcaaa56-a27d-5bd9-e053-6294a90a1160&version=3,The current sulfur label warns that another topical acne medication used at the same time can increase irritation and dryness. Niacinamide is not named as incompatible; the spacing is a tolerance default.
P017,niacinamide,Niacinamide,hocl,Finished hypochlorous-acid spray,unknown,different-session,HOCl/niacinamide evidence gap,s50; s51,https://pmc.ncbi.nlm.nih.gov/articles/PMC6303114/; https://pmc.ncbi.nlm.nih.gov/articles/PMC12730738/,"HOCl stability and reactivity depend on pH, storage, and the finished formula. No direct human sequential-use trial with niacinamide was located; the selected spacing avoids direct contact without turning the gap into compatibility evidence."
P018,niacinamide,Niacinamide,hydroquinone,Hydroquinone course,compatible,none,No established inactivation,,,This review found no documented direct-contact inactivation rule for niacinamide with this active. That is not proof every vehicle and concentration pair was clinically tested; treat irritation and the exact finished formula separately from internet pH myths.
P019,niacinamide,Niacinamide,triple_combo,Prescription triple-combination cream,caution,different-session,Pigment-course load,s6; s29; s30,source_docs/DailyMed_TriLuma_label_2026-08-23.pdf; https://pubmed.ncbi.nlm.nih.gov/32585079/; https://pubmed.ncbi.nlm.nih.gov/35510765/,"Prescription triple-combination and cysteamine courses have their own duration, contact-time, and irritation boundaries. Niacinamide can be a support step, but start it outside the treatment session when the course is active."
P020,niacinamide,Niacinamide,txa,Topical tranexamic acid,compatible,none,No established inactivation,,,This review found no documented direct-contact inactivation rule for niacinamide with this active. That is not proof every vehicle and concentration pair was clinically tested; treat irritation and the exact finished formula separately from internet pH myths.
P021,niacinamide,Niacinamide,cysteamine,Topical cysteamine,caution,different-session,Pigment-course load,s6; s29; s30,source_docs/DailyMed_TriLuma_label_2026-08-23.pdf; https://pubmed.ncbi.nlm.nih.gov/32585079/; https://pubmed.ncbi.nlm.nih.gov/35510765/,"Prescription triple-combination and cysteamine courses have their own duration, contact-time, and irritation boundaries. Niacinamide can be a support step, but start it outside the treatment session when the course is active."
P022,niacinamide,Niacinamide,other_pigment,Other pigment serum,compatible,none,No established inactivation,,,This review found no documented direct-contact inactivation rule for niacinamide with this active. That is not proof every vehicle and concentration pair was clinically tested; treat irritation and the exact finished formula separately from internet pH myths.
P023,niacinamide,Niacinamide,peptide,Non-copper peptide serum,compatible,none,Supported support-serum coexistence,s34; s36,https://pubmed.ncbi.nlm.nih.gov/20374604/; https://pubmed.ncbi.nlm.nih.gov/39768384/,Human studies evaluated niacinamide/peptide cosmetic regimens and niacinamide-plus-peptide serums. Formula tolerance and the prescription/medical active still control use.
P024,niacinamide,Niacinamide,copper_peptide,Copper peptide serum,compatible,exact formula check,Co-formulated with niacinamide,s61; s62,https://www.cosrx.com/collections/all/products/brightening-boost; https://dailymed.nlm.nih.gov/dailymed/getFile.cfm?setid=9b597c62-4b78-1656-e053-2a95a90afaf6&type=pdf,"Official finished formulas place copper tripeptide-1 and niacinamide in the same preserved vehicle. That demonstrates formulation coexistence, not a clinical clearance for every serum strength or vehicle."
P025,laa,L-ascorbic acid (low-pH vitamin C),vitc_derivative,Vitamin C derivative,caution,different-session,Redundant vitamin-C lane,s15; s37,https://pubmed.ncbi.nlm.nih.gov/29104718/; https://pubmed.ncbi.nlm.nih.gov/33038010/,"Two vitamin-C strategies may be unnecessary and can increase sting, oxidation, or pilling without establishing extra benefit. Keep the forms separate while identifying the formula; this is a simplification rule, not proof of chemical incompatibility."
P026,laa,L-ascorbic acid (low-pH vitamin C),adapalene,Adapalene,caution,different-session,Not a cancellation; often a tolerability split,s15; s20,https://pubmed.ncbi.nlm.nih.gov/29104718/; https://pubmed.ncbi.nlm.nih.gov/12633200/,"There is no good evidence for universal chemical cancellation on skin, and a small clinical study used tretinoin plus topical ascorbic acid in one regimen. AM vitamin C and PM prescription retinoid remains a practical way to reduce crowding and identify irritation."
P027,laa,L-ascorbic acid (low-pH vitamin C),tretinoin_conventional,Tretinoin · conventional cream/gel,caution,different-session,Not a cancellation; often a tolerability split,s15; s20,https://pubmed.ncbi.nlm.nih.gov/29104718/; https://pubmed.ncbi.nlm.nih.gov/12633200/,"There is no good evidence for universal chemical cancellation on skin, and a small clinical study used tretinoin plus topical ascorbic acid in one regimen. AM vitamin C and PM prescription retinoid remains a practical way to reduce crowding and identify irritation."
P028,laa,L-ascorbic acid (low-pH vitamin C),tretinoin_stabilized,Tretinoin · microsphere/optimized/fixed,caution,different-session,Not a cancellation; often a tolerability split,s15; s20,https://pubmed.ncbi.nlm.nih.gov/29104718/; https://pubmed.ncbi.nlm.nih.gov/12633200/,"There is no good evidence for universal chemical cancellation on skin, and a small clinical study used tretinoin plus topical ascorbic acid in one regimen. AM vitamin C and PM prescription retinoid remains a practical way to reduce crowding and identify irritation."
P029,laa,L-ascorbic acid (low-pH vitamin C),tazarotene,Tazarotene,caution,different-session,Not a cancellation; often a tolerability split,s15; s20,https://pubmed.ncbi.nlm.nih.gov/29104718/; https://pubmed.ncbi.nlm.nih.gov/12633200/,"There is no good evidence for universal chemical cancellation on skin, and a small clinical study used tretinoin plus topical ascorbic acid in one regimen. AM vitamin C and PM prescription retinoid remains a practical way to reduce crowding and identify irritation."
P030,laa,L-ascorbic acid (low-pH vitamin C),otc_retinoid,Retinol / retinal / cosmetic retinoid,compatible,none,Formulated combinations exist,s7,https://pubmed.ncbi.nlm.nih.gov/15767769/,"Human studies have used retinol and vitamin C together. That refutes a universal cancellation rule, but does not prove every pair of separate high-strength products is equally tolerable."
P031,laa,L-ascorbic acid (low-pH vitamin C),aha,AHA · glycolic / lactic acid,caution,different-session,Low-pH and sting load—not proven cancellation,s15,https://pubmed.ncbi.nlm.nih.gov/29104718/,"These can coexist in a broader regimen, but independent acidic leave-ons may add sting and make intolerance difficult to attribute. Separate sessions when starting; no pH-reset waiting time is established."
P032,laa,L-ascorbic acid (low-pH vitamin C),bha,BHA · salicylic acid leave-on,caution,different-session,Low-pH and sting load—not proven cancellation,s15,https://pubmed.ncbi.nlm.nih.gov/29104718/,"These can coexist in a broader regimen, but independent acidic leave-ons may add sting and make intolerance difficult to attribute. Separate sessions when starting; no pH-reset waiting time is established."
P033,laa,L-ascorbic acid (low-pH vitamin C),pha,PHA leave-on,caution,different-session,Low-pH and sting load—not proven cancellation,s15,https://pubmed.ncbi.nlm.nih.gov/29104718/,"These can coexist in a broader regimen, but independent acidic leave-ons may add sting and make intolerance difficult to attribute. Separate sessions when starting; no pH-reset waiting time is established."
P034,laa,L-ascorbic acid (low-pH vitamin C),enzyme,Enzyme exfoliant / scrub,caution,different-session,Acidic active-load caution,s15; s29; s30; s49,https://pubmed.ncbi.nlm.nih.gov/29104718/; https://pubmed.ncbi.nlm.nih.gov/32585079/; https://pubmed.ncbi.nlm.nih.gov/35510765/; https://dailymed.nlm.nih.gov/dailymed/lookup.cfm?setid=fdcaaa56-a27d-5bd9-e053-6294a90a1160&version=3,"The vitamin C literature emphasizes formulation, pH, and irritation differences. These active or pigment lanes can be reasonable elsewhere in a plan, but separate sessions make tolerance and causality clearer."
P035,laa,L-ascorbic acid (low-pH vitamin C),urea,Urea 10–20% for rough body skin,unknown,different-session,LAA/urea evidence gap,s15; s44; s47,https://pubmed.ncbi.nlm.nih.gov/29104718/; https://pubmed.ncbi.nlm.nih.gov/36943434/; https://pubmed.ncbi.nlm.nih.gov/34619676/,"Urea has barrier and keratolytic evidence, while LAA has pH and irritation/formulation boundaries. No direct human pair study was located for independent products; separate sessions are a practical uncertainty control."
P036,laa,L-ascorbic acid (low-pH vitamin C),bpo,Benzoyl peroxide,unknown,different-session,Oxidation question is formulation-specific,s15; s52,https://pubmed.ncbi.nlm.nih.gov/29104718/; https://pubmed.ncbi.nlm.nih.gov/18161634/,"Benzoyl peroxide is an oxidant, but direct human evidence for sequential use with independent L-ascorbic-acid serums is insufficient. A formulation study tested BPO with vitamin C among other antioxidants, but that does not validate arbitrary skin layering. Do not premix; different sessions sidestep direct contact without proving synergy or incompatibility."
P037,laa,L-ascorbic acid (low-pH vitamin C),azelaic,Azelaic acid,caution,different-session,Low-pH and sting load—not proven cancellation,s15,https://pubmed.ncbi.nlm.nih.gov/29104718/,"These can coexist in a broader regimen, but independent acidic leave-ons may add sting and make intolerance difficult to attribute. Separate sessions when starting; no pH-reset waiting time is established."
P038,laa,L-ascorbic acid (low-pH vitamin C),dapsone,Topical dapsone,caution,different-session,Acidic active-load caution,s15; s29; s30; s49,https://pubmed.ncbi.nlm.nih.gov/29104718/; https://pubmed.ncbi.nlm.nih.gov/32585079/; https://pubmed.ncbi.nlm.nih.gov/35510765/; https://dailymed.nlm.nih.gov/dailymed/lookup.cfm?setid=fdcaaa56-a27d-5bd9-e053-6294a90a1160&version=3,"The vitamin C literature emphasizes formulation, pH, and irritation differences. These active or pigment lanes can be reasonable elsewhere in a plan, but separate sessions make tolerance and causality clearer."
P039,laa,L-ascorbic acid (low-pH vitamin C),sulfur,Sulfur / sulfacetamide-sulfur,caution,different-session,Acidic active-load caution,s15; s29; s30; s49,https://pubmed.ncbi.nlm.nih.gov/29104718/; https://pubmed.ncbi.nlm.nih.gov/32585079/; https://pubmed.ncbi.nlm.nih.gov/35510765/; https://dailymed.nlm.nih.gov/dailymed/lookup.cfm?setid=fdcaaa56-a27d-5bd9-e053-6294a90a1160&version=3,"The vitamin C literature emphasizes formulation, pH, and irritation differences. These active or pigment lanes can be reasonable elsewhere in a plan, but separate sessions make tolerance and causality clearer."
P040,laa,L-ascorbic acid (low-pH vitamin C),hocl,Finished hypochlorous-acid spray,separate,different-session,Oxidant and antioxidant separation,s15; s50; s51,https://pubmed.ncbi.nlm.nih.gov/29104718/; https://pmc.ncbi.nlm.nih.gov/articles/PMC6303114/; https://pmc.ncbi.nlm.nih.gov/articles/PMC12730738/,"HOCl is highly reactive with electron-donating and thiol-containing groups in the formulation literature, while LAA is an antioxidant. Direct clinical layering evidence is absent, so separate finished products rather than infer a universal reaction or benefit."
P041,laa,L-ascorbic acid (low-pH vitamin C),hydroquinone,Hydroquinone course,compatible,exact formula check,Designed pigment formulas can pair hydroquinone and ascorbic acid,s30; s31,https://pubmed.ncbi.nlm.nih.gov/35510765/; https://pubmed.ncbi.nlm.nih.gov/38638185/,"Clinical pigment trials used hydroquinone plus ascorbic acid as a comparator formula. That supports a finished-product formulation lane, not arbitrary mixing or an unsupervised hydroquinone course."
P042,laa,L-ascorbic acid (low-pH vitamin C),triple_combo,Prescription triple-combination cream,caution,different-session,Additive irritation load,,,"No direct cancellation rule was found, but placing two higher-load treatments together can make redness, dryness, or PIH more likely and harder to attribute."
P043,laa,L-ascorbic acid (low-pH vitamin C),txa,Topical tranexamic acid,compatible,exact formula check,Designed tranexamic-acid and vitamin-C formulas exist,s24; s25; s56,https://pubmed.ncbi.nlm.nih.gov/40062688/; https://pubmed.ncbi.nlm.nih.gov/37102219/; https://pubmed.ncbi.nlm.nih.gov/37560507/,A pilot study and multimodal pigment studies evaluated topical tranexamic acid with ascorbic acid or related pigment-support systems. Verify the exact formula and separate for sting; this is not a universal maximum-strength layering recommendation.
P044,laa,L-ascorbic acid (low-pH vitamin C),cysteamine,Topical cysteamine,caution,different-session,Acidic active-load caution,s15; s29; s30; s49,https://pubmed.ncbi.nlm.nih.gov/29104718/; https://pubmed.ncbi.nlm.nih.gov/32585079/; https://pubmed.ncbi.nlm.nih.gov/35510765/; https://dailymed.nlm.nih.gov/dailymed/lookup.cfm?setid=fdcaaa56-a27d-5bd9-e053-6294a90a1160&version=3,"The vitamin C literature emphasizes formulation, pH, and irritation differences. These active or pigment lanes can be reasonable elsewhere in a plan, but separate sessions make tolerance and causality clearer."
P045,laa,L-ascorbic acid (low-pH vitamin C),other_pigment,Other pigment serum,caution,different-session,Acidic active-load caution,s15; s29; s30; s49,https://pubmed.ncbi.nlm.nih.gov/29104718/; https://pubmed.ncbi.nlm.nih.gov/32585079/; https://pubmed.ncbi.nlm.nih.gov/35510765/; https://dailymed.nlm.nih.gov/dailymed/lookup.cfm?setid=fdcaaa56-a27d-5bd9-e053-6294a90a1160&version=3,"The vitamin C literature emphasizes formulation, pH, and irritation differences. These active or pigment lanes can be reasonable elsewhere in a plan, but separate sessions make tolerance and causality clearer."
P046,laa,L-ascorbic acid (low-pH vitamin C),peptide,Non-copper peptide serum,compatible,exact formula check,Vitamin C and peptide co-formulations exist,s37; s38,https://pubmed.ncbi.nlm.nih.gov/33038010/; https://pubmed.ncbi.nlm.nih.gov/35064615/,"Peptide-C ampoules containing topical vitamin C and biopeptides have clinical safety and tolerability evidence. The result applies to a designed formula, not every separate LAA serum plus peptide serum."
P047,laa,L-ascorbic acid (low-pH vitamin C),copper_peptide,Copper peptide serum,caution,different-session,Low-pH LAA and copper-peptide formulation caution,s15; s16; s57,https://pubmed.ncbi.nlm.nih.gov/29104718/; https://pubmed.ncbi.nlm.nih.gov/25384620/; https://pmc.ncbi.nlm.nih.gov/articles/PMC11830136/,"GHK-Cu preformulation work found hydrolytic/oxidative stress sensitivity, while LAA products depend strongly on low pH, oxygen exposure, and vehicle. No direct human pair trial was located; use different sessions while checking the exact formulas."
P048,vitc_derivative,Vitamin C derivative,adapalene,Adapalene,caution,different-session,Derivative vitamin C plus prescription retinoid,s15; s24; s48,https://pubmed.ncbi.nlm.nih.gov/29104718/; https://pubmed.ncbi.nlm.nih.gov/40062688/; https://dailymed.nlm.nih.gov/dailymed/drugInfo.cfm?setid=4e4e4b81-420e-4492-8a74-80b692a80057,"A derivative can appear in a designed multi-active serum, but prescription retinoid labels and the topical vitamin C literature still make irritation, vehicle, and exact formulation the controlling variables. Separate initially."
P049,vitc_derivative,Vitamin C derivative,tretinoin_conventional,Tretinoin · conventional cream/gel,caution,different-session,Derivative vitamin C plus prescription retinoid,s15; s24; s48,https://pubmed.ncbi.nlm.nih.gov/29104718/; https://pubmed.ncbi.nlm.nih.gov/40062688/; https://dailymed.nlm.nih.gov/dailymed/drugInfo.cfm?setid=4e4e4b81-420e-4492-8a74-80b692a80057,"A derivative can appear in a designed multi-active serum, but prescription retinoid labels and the topical vitamin C literature still make irritation, vehicle, and exact formulation the controlling variables. Separate initially."
P050,vitc_derivative,Vitamin C derivative,tretinoin_stabilized,Tretinoin · microsphere/optimized/fixed,caution,different-session,Derivative vitamin C plus prescription retinoid,s15; s24; s48,https://pubmed.ncbi.nlm.nih.gov/29104718/; https://pubmed.ncbi.nlm.nih.gov/40062688/; https://dailymed.nlm.nih.gov/dailymed/drugInfo.cfm?setid=4e4e4b81-420e-4492-8a74-80b692a80057,"A derivative can appear in a designed multi-active serum, but prescription retinoid labels and the topical vitamin C literature still make irritation, vehicle, and exact formulation the controlling variables. Separate initially."
P051,vitc_derivative,Vitamin C derivative,tazarotene,Tazarotene,caution,different-session,Derivative vitamin C plus prescription retinoid,s15; s24; s48,https://pubmed.ncbi.nlm.nih.gov/29104718/; https://pubmed.ncbi.nlm.nih.gov/40062688/; https://dailymed.nlm.nih.gov/dailymed/drugInfo.cfm?setid=4e4e4b81-420e-4492-8a74-80b692a80057,"A derivative can appear in a designed multi-active serum, but prescription retinoid labels and the topical vitamin C literature still make irritation, vehicle, and exact formulation the controlling variables. Separate initially."
P052,vitc_derivative,Vitamin C derivative,otc_retinoid,Retinol / retinal / cosmetic retinoid,compatible,exact formula check,Vitamin-C-derivative and cosmetic-retinoid formulas exist,s39; s40; s41,https://pubmed.ncbi.nlm.nih.gov/19134126/; https://pubmed.ncbi.nlm.nih.gov/27050703/; https://pubmed.ncbi.nlm.nih.gov/40029737/,Randomized acne and cosmetic studies evaluated vitamin C derivatives with retinol or related cosmetic retinoids. Do not generalize a finished formula to two independent maximum-strength products.
P053,vitc_derivative,Vitamin C derivative,aha,AHA · glycolic / lactic acid,caution,different-session,Hydroxy-acid and derivative formula check,s15; s24,https://pubmed.ncbi.nlm.nih.gov/29104718/; https://pubmed.ncbi.nlm.nih.gov/40062688/,"A serum containing stabilized vitamin C and hydroxy acids has been studied, but free-acid percentage, pH, and vehicle determine whether separate products sting. Treat this as a formula/tolerance caution."
P054,vitc_derivative,Vitamin C derivative,bha,BHA · salicylic acid leave-on,caution,different-session,Hydroxy-acid and derivative formula check,s15; s24,https://pubmed.ncbi.nlm.nih.gov/29104718/; https://pubmed.ncbi.nlm.nih.gov/40062688/,"A serum containing stabilized vitamin C and hydroxy acids has been studied, but free-acid percentage, pH, and vehicle determine whether separate products sting. Treat this as a formula/tolerance caution."
P055,vitc_derivative,Vitamin C derivative,pha,PHA leave-on,caution,different-session,Hydroxy-acid and derivative formula check,s15; s24,https://pubmed.ncbi.nlm.nih.gov/29104718/; https://pubmed.ncbi.nlm.nih.gov/40062688/,"A serum containing stabilized vitamin C and hydroxy acids has been studied, but free-acid percentage, pH, and vehicle determine whether separate products sting. Treat this as a formula/tolerance caution."
P056,vitc_derivative,Vitamin C derivative,enzyme,Enzyme exfoliant / scrub,caution,different-session,Hydroxy-acid and derivative formula check,s15; s24,https://pubmed.ncbi.nlm.nih.gov/29104718/; https://pubmed.ncbi.nlm.nih.gov/40062688/,"A serum containing stabilized vitamin C and hydroxy acids has been studied, but free-acid percentage, pH, and vehicle determine whether separate products sting. Treat this as a formula/tolerance caution."
P057,vitc_derivative,Vitamin C derivative,urea,Urea 10–20% for rough body skin,unknown,different-session,Vitamin-C-derivative/urea evidence gap,s24; s47,https://pubmed.ncbi.nlm.nih.gov/40062688/; https://pubmed.ncbi.nlm.nih.gov/34619676/,"No direct human sequential-use or validated finished-product pair study was located for this broad derivative and urea family. Exact concentration, pH, and body site still matter."
P058,vitc_derivative,Vitamin C derivative,bpo,Benzoyl peroxide,caution,different-session,Antioxidant plus active-load caution,s15; s24; s32; s49; s51; s52,https://pubmed.ncbi.nlm.nih.gov/29104718/; https://pubmed.ncbi.nlm.nih.gov/40062688/; https://pubmed.ncbi.nlm.nih.gov/39555866/; https://dailymed.nlm.nih.gov/dailymed/lookup.cfm?setid=fdcaaa56-a27d-5bd9-e053-6294a90a1160&version=3; https://pmc.ncbi.nlm.nih.gov/articles/PMC12730738/; https://pubmed.ncbi.nlm.nih.gov/18161634/,"A vitamin C derivative may coexist in a designed pigment/acne formula, but the exact derivative, oxidant environment, vehicle, and active load matter. Separate independent products while establishing tolerance."
P059,vitc_derivative,Vitamin C derivative,azelaic,Azelaic acid,caution,different-session,Antioxidant plus active-load caution,s15; s24; s32; s49; s51; s52,https://pubmed.ncbi.nlm.nih.gov/29104718/; https://pubmed.ncbi.nlm.nih.gov/40062688/; https://pubmed.ncbi.nlm.nih.gov/39555866/; https://dailymed.nlm.nih.gov/dailymed/lookup.cfm?setid=fdcaaa56-a27d-5bd9-e053-6294a90a1160&version=3; https://pmc.ncbi.nlm.nih.gov/articles/PMC12730738/; https://pubmed.ncbi.nlm.nih.gov/18161634/,"A vitamin C derivative may coexist in a designed pigment/acne formula, but the exact derivative, oxidant environment, vehicle, and active load matter. Separate independent products while establishing tolerance."
P060,vitc_derivative,Vitamin C derivative,dapsone,Topical dapsone,caution,different-session,Antioxidant plus active-load caution,s15; s24; s32; s49; s51; s52,https://pubmed.ncbi.nlm.nih.gov/29104718/; https://pubmed.ncbi.nlm.nih.gov/40062688/; https://pubmed.ncbi.nlm.nih.gov/39555866/; https://dailymed.nlm.nih.gov/dailymed/lookup.cfm?setid=fdcaaa56-a27d-5bd9-e053-6294a90a1160&version=3; https://pmc.ncbi.nlm.nih.gov/articles/PMC12730738/; https://pubmed.ncbi.nlm.nih.gov/18161634/,"A vitamin C derivative may coexist in a designed pigment/acne formula, but the exact derivative, oxidant environment, vehicle, and active load matter. Separate independent products while establishing tolerance."
P061,vitc_derivative,Vitamin C derivative,sulfur,Sulfur / sulfacetamide-sulfur,caution,different-session,Antioxidant plus active-load caution,s15; s24; s32; s49; s51; s52,https://pubmed.ncbi.nlm.nih.gov/29104718/; https://pubmed.ncbi.nlm.nih.gov/40062688/; https://pubmed.ncbi.nlm.nih.gov/39555866/; https://dailymed.nlm.nih.gov/dailymed/lookup.cfm?setid=fdcaaa56-a27d-5bd9-e053-6294a90a1160&version=3; https://pmc.ncbi.nlm.nih.gov/articles/PMC12730738/; https://pubmed.ncbi.nlm.nih.gov/18161634/,"A vitamin C derivative may coexist in a designed pigment/acne formula, but the exact derivative, oxidant environment, vehicle, and active load matter. Separate independent products while establishing tolerance."
P062,vitc_derivative,Vitamin C derivative,hocl,Finished hypochlorous-acid spray,caution,different-session,Antioxidant plus active-load caution,s15; s24; s32; s49; s51; s52,https://pubmed.ncbi.nlm.nih.gov/29104718/; https://pubmed.ncbi.nlm.nih.gov/40062688/; https://pubmed.ncbi.nlm.nih.gov/39555866/; https://dailymed.nlm.nih.gov/dailymed/lookup.cfm?setid=fdcaaa56-a27d-5bd9-e053-6294a90a1160&version=3; https://pmc.ncbi.nlm.nih.gov/articles/PMC12730738/; https://pubmed.ncbi.nlm.nih.gov/18161634/,"A vitamin C derivative may coexist in a designed pigment/acne formula, but the exact derivative, oxidant environment, vehicle, and active load matter. Separate independent products while establishing tolerance."
P063,vitc_derivative,Vitamin C derivative,hydroquinone,Hydroquinone course,caution,different-session,Antioxidant plus active-load caution,s15; s24; s32; s49; s51; s52,https://pubmed.ncbi.nlm.nih.gov/29104718/; https://pubmed.ncbi.nlm.nih.gov/40062688/; https://pubmed.ncbi.nlm.nih.gov/39555866/; https://dailymed.nlm.nih.gov/dailymed/lookup.cfm?setid=fdcaaa56-a27d-5bd9-e053-6294a90a1160&version=3; https://pmc.ncbi.nlm.nih.gov/articles/PMC12730738/; https://pubmed.ncbi.nlm.nih.gov/18161634/,"A vitamin C derivative may coexist in a designed pigment/acne formula, but the exact derivative, oxidant environment, vehicle, and active load matter. Separate independent products while establishing tolerance."
P064,vitc_derivative,Vitamin C derivative,triple_combo,Prescription triple-combination cream,caution,different-session,Antioxidant plus active-load caution,s15; s24; s32; s49; s51; s52,https://pubmed.ncbi.nlm.nih.gov/29104718/; https://pubmed.ncbi.nlm.nih.gov/40062688/; https://pubmed.ncbi.nlm.nih.gov/39555866/; https://dailymed.nlm.nih.gov/dailymed/lookup.cfm?setid=fdcaaa56-a27d-5bd9-e053-6294a90a1160&version=3; https://pmc.ncbi.nlm.nih.gov/articles/PMC12730738/; https://pubmed.ncbi.nlm.nih.gov/18161634/,"A vitamin C derivative may coexist in a designed pigment/acne formula, but the exact derivative, oxidant environment, vehicle, and active load matter. Separate independent products while establishing tolerance."
P065,vitc_derivative,Vitamin C derivative,txa,Topical tranexamic acid,compatible,exact formula check,Serum B3 co-formulation evidence,s24,https://pubmed.ncbi.nlm.nih.gov/40062688/,"A randomized study evaluated niacinamide, tranexamic acid, stabilized vitamin C, and hydroxy acids in one serum. This is direct co-formulation evidence, not a promise for unrelated products."
P066,vitc_derivative,Vitamin C derivative,cysteamine,Topical cysteamine,caution,different-session,Antioxidant plus active-load caution,s15; s24; s32; s49; s51; s52,https://pubmed.ncbi.nlm.nih.gov/29104718/; https://pubmed.ncbi.nlm.nih.gov/40062688/; https://pubmed.ncbi.nlm.nih.gov/39555866/; https://dailymed.nlm.nih.gov/dailymed/lookup.cfm?setid=fdcaaa56-a27d-5bd9-e053-6294a90a1160&version=3; https://pmc.ncbi.nlm.nih.gov/articles/PMC12730738/; https://pubmed.ncbi.nlm.nih.gov/18161634/,"A vitamin C derivative may coexist in a designed pigment/acne formula, but the exact derivative, oxidant environment, vehicle, and active load matter. Separate independent products while establishing tolerance."
P067,vitc_derivative,Vitamin C derivative,other_pigment,Other pigment serum,caution,different-session,Antioxidant plus active-load caution,s15; s24; s32; s49; s51; s52,https://pubmed.ncbi.nlm.nih.gov/29104718/; https://pubmed.ncbi.nlm.nih.gov/40062688/; https://pubmed.ncbi.nlm.nih.gov/39555866/; https://dailymed.nlm.nih.gov/dailymed/lookup.cfm?setid=fdcaaa56-a27d-5bd9-e053-6294a90a1160&version=3; https://pmc.ncbi.nlm.nih.gov/articles/PMC12730738/; https://pubmed.ncbi.nlm.nih.gov/18161634/,"A vitamin C derivative may coexist in a designed pigment/acne formula, but the exact derivative, oxidant environment, vehicle, and active load matter. Separate independent products while establishing tolerance."
P068,vitc_derivative,Vitamin C derivative,peptide,Non-copper peptide serum,compatible,exact formula check,Vitamin-C-derivative and peptide formulas exist,s37; s39; s41,https://pubmed.ncbi.nlm.nih.gov/33038010/; https://pubmed.ncbi.nlm.nih.gov/19134126/; https://pubmed.ncbi.nlm.nih.gov/40029737/,Vitamin C/biopeptide ampoules and vitamin C derivative/retinoid studies support designed coexistence. Verify the full INCI and introduce one change at a time.
P069,vitc_derivative,Vitamin C derivative,copper_peptide,Copper peptide serum,compatible,exact formula check,Co-formulated with a vitamin-C derivative,s62,https://dailymed.nlm.nih.gov/dailymed/getFile.cfm?setid=9b597c62-4b78-1656-e053-2a95a90afaf6&type=pdf,A DailyMed ingredient label lists copper tripeptide-1 with sodium ascorbyl phosphate. The label is for an unapproved product and proves only that this designed vehicle contains the pair; it does not validate arbitrary separate products.
P070,adapalene,Adapalene,tretinoin_conventional,Tretinoin · conventional cream/gel,avoid,week,Multiple retinoid strategies,s10,https://dailymed.nlm.nih.gov/dailymed/downloadpdffile.cfm?setId=cabba2c1-cf07-46aa-a2c3-1b815517b16b,Choose one retinoid strategy unless a prescriber explicitly designed the switch. Alternating different retinoids does not create a known benefit and complicates tolerability.
P071,adapalene,Adapalene,tretinoin_stabilized,Tretinoin · microsphere/optimized/fixed,avoid,week,Multiple retinoid strategies,s10,https://dailymed.nlm.nih.gov/dailymed/downloadpdffile.cfm?setId=cabba2c1-cf07-46aa-a2c3-1b815517b16b,Choose one retinoid strategy unless a prescriber explicitly designed the switch. Alternating different retinoids does not create a known benefit and complicates tolerability.
P072,adapalene,Adapalene,tazarotene,Tazarotene,avoid,week,Multiple retinoid strategies,s10,https://dailymed.nlm.nih.gov/dailymed/downloadpdffile.cfm?setId=cabba2c1-cf07-46aa-a2c3-1b815517b16b,Choose one retinoid strategy unless a prescriber explicitly designed the switch. Alternating different retinoids does not create a known benefit and complicates tolerability.
P073,adapalene,Adapalene,otc_retinoid,Retinol / retinal / cosmetic retinoid,avoid,week,Multiple retinoid strategies,s10,https://dailymed.nlm.nih.gov/dailymed/downloadpdffile.cfm?setId=cabba2c1-cf07-46aa-a2c3-1b815517b16b,Choose one retinoid strategy unless a prescriber explicitly designed the switch. Alternating different retinoids does not create a known benefit and complicates tolerability.
P074,adapalene,Adapalene,aha,AHA · glycolic / lactic acid,caution,different-session,Additive irritation—not cancellation,s10,https://dailymed.nlm.nih.gov/dailymed/downloadpdffile.cfm?setId=cabba2c1-cf07-46aa-a2c3-1b815517b16b,"Retinoid labels caution potentially irritating products, including salicylic acid and other drying/exfoliating agents. Separate initially or reduce frequency if the skin reacts."
P075,adapalene,Adapalene,bha,BHA · salicylic acid leave-on,caution,different-session,Additive irritation—not cancellation,s10,https://dailymed.nlm.nih.gov/dailymed/downloadpdffile.cfm?setId=cabba2c1-cf07-46aa-a2c3-1b815517b16b,"Retinoid labels caution potentially irritating products, including salicylic acid and other drying/exfoliating agents. Separate initially or reduce frequency if the skin reacts."
P076,adapalene,Adapalene,pha,PHA leave-on,caution,different-session,Additive irritation—not cancellation,s10,https://dailymed.nlm.nih.gov/dailymed/downloadpdffile.cfm?setId=cabba2c1-cf07-46aa-a2c3-1b815517b16b,"Retinoid labels caution potentially irritating products, including salicylic acid and other drying/exfoliating agents. Separate initially or reduce frequency if the skin reacts."
P077,adapalene,Adapalene,enzyme,Enzyme exfoliant / scrub,caution,different-session,Additive irritation—not cancellation,s10,https://dailymed.nlm.nih.gov/dailymed/downloadpdffile.cfm?setId=cabba2c1-cf07-46aa-a2c3-1b815517b16b,"Retinoid labels caution potentially irritating products, including salicylic acid and other drying/exfoliating agents. Separate initially or reduce frequency if the skin reacts."
P078,adapalene,Adapalene,urea,Urea 10–20% for rough body skin,caution,different-session,Retinoid plus another treatment lane,s33; s48,https://pubmed.ncbi.nlm.nih.gov/37584260/; https://dailymed.nlm.nih.gov/dailymed/drugInfo.cfm?setid=4e4e4b81-420e-4492-8a74-80b692a80057,"Retinoid labels and treatment studies support careful regimens, not a universal same-session stack. Separate when starting so dryness, sting, discoloration, and benefit remain attributable."
P079,adapalene,Adapalene,bpo,Benzoyl peroxide,compatible,none,Evidence-backed combination,s1; s2,https://pubmed.ncbi.nlm.nih.gov/38300170/; source_docs/DailyMed_adapalene_benzoyl_peroxide_label_2026-08-23.pdf,"Adapalene and benzoyl peroxide are combined in FDA-labeled fixed-dose products and recommended in acne guidelines. That supports compatibility, not unlimited frequency or zero irritation."
P080,adapalene,Adapalene,azelaic,Azelaic acid,caution,different-session,Additive irritation,s1; s10,https://pubmed.ncbi.nlm.nih.gov/38300170/; https://dailymed.nlm.nih.gov/dailymed/downloadpdffile.cfm?setId=cabba2c1-cf07-46aa-a2c3-1b815517b16b,"These treatments may share a regimen, but irritation/dryness can accumulate. Different sessions make tolerance and attribution easier; no universal wait time is established."
P081,adapalene,Adapalene,dapsone,Topical dapsone,compatible,none,Studied in one acne regimen,s19,https://pubmed.ncbi.nlm.nih.gov/20120423/,"A randomized 12-week study evaluated dapsone gel with adapalene without identifying a chemical incompatibility. Individual irritation, prescribing instructions, and the exact vehicles still control use."
P082,adapalene,Adapalene,sulfur,Sulfur / sulfacetamide-sulfur,caution,different-session,Additive irritation,s1; s10,https://pubmed.ncbi.nlm.nih.gov/38300170/; https://dailymed.nlm.nih.gov/dailymed/downloadpdffile.cfm?setId=cabba2c1-cf07-46aa-a2c3-1b815517b16b,"These treatments may share a regimen, but irritation/dryness can accumulate. Different sessions make tolerance and attribution easier; no universal wait time is established."
P083,adapalene,Adapalene,hocl,Finished hypochlorous-acid spray,caution,different-session,Retinoid plus another treatment lane,s33; s48,https://pubmed.ncbi.nlm.nih.gov/37584260/; https://dailymed.nlm.nih.gov/dailymed/drugInfo.cfm?setid=4e4e4b81-420e-4492-8a74-80b692a80057,"Retinoid labels and treatment studies support careful regimens, not a universal same-session stack. Separate when starting so dryness, sting, discoloration, and benefit remain attributable."
P084,adapalene,Adapalene,hydroquinone,Hydroquinone course,caution,different-session,Additive irritation load,,,"No direct cancellation rule was found, but placing two higher-load treatments together can make redness, dryness, or PIH more likely and harder to attribute."
P085,adapalene,Adapalene,triple_combo,Prescription triple-combination cream,avoid,week,Duplicate prescription actives,s6,source_docs/DailyMed_TriLuma_label_2026-08-23.pdf,Triple-combination cream already contains tretinoin and hydroquinone. Adding a separate retinoid or hydroquinone recreates/duplicates a prescription regimen without formulation or dose control.
P086,adapalene,Adapalene,txa,Topical tranexamic acid,caution,different-session,Retinoid plus another treatment lane,s33; s48,https://pubmed.ncbi.nlm.nih.gov/37584260/; https://dailymed.nlm.nih.gov/dailymed/drugInfo.cfm?setid=4e4e4b81-420e-4492-8a74-80b692a80057,"Retinoid labels and treatment studies support careful regimens, not a universal same-session stack. Separate when starting so dryness, sting, discoloration, and benefit remain attributable."
P087,adapalene,Adapalene,cysteamine,Topical cysteamine,caution,different-session,Additive irritation load,,,"No direct cancellation rule was found, but placing two higher-load treatments together can make redness, dryness, or PIH more likely and harder to attribute."
P088,adapalene,Adapalene,other_pigment,Other pigment serum,caution,different-session,Retinoid plus another treatment lane,s33; s48,https://pubmed.ncbi.nlm.nih.gov/37584260/; https://dailymed.nlm.nih.gov/dailymed/drugInfo.cfm?setid=4e4e4b81-420e-4492-8a74-80b692a80057,"Retinoid labels and treatment studies support careful regimens, not a universal same-session stack. Separate when starting so dryness, sting, discoloration, and benefit remain attributable."
P089,adapalene,Adapalene,peptide,Non-copper peptide serum,caution,different-session,Prescription retinoid plus peptide lane,s33; s34; s35; s48,https://pubmed.ncbi.nlm.nih.gov/37584260/; https://pubmed.ncbi.nlm.nih.gov/20374604/; https://pubmed.ncbi.nlm.nih.gov/32869963/; https://dailymed.nlm.nih.gov/dailymed/drugInfo.cfm?setid=4e4e4b81-420e-4492-8a74-80b692a80057,"Peptide co-formulation evidence is strongest for cosmetic retinoids. Prescription retinoids should start in a different session so vehicle, dose, and irritation remain attributable."
P090,adapalene,Adapalene,copper_peptide,Copper peptide serum,caution,different-session,Prescription retinoid plus copper-peptide tolerance split,s10; s48; s57,https://dailymed.nlm.nih.gov/dailymed/downloadpdffile.cfm?setId=cabba2c1-cf07-46aa-a2c3-1b815517b16b; https://dailymed.nlm.nih.gov/dailymed/drugInfo.cfm?setid=4e4e4b81-420e-4492-8a74-80b692a80057; https://pmc.ncbi.nlm.nih.gov/articles/PMC11830136/,Human GHK-Cu and retinoic-acid comparisons used separate treatment sites rather than a combined layer. Prescription retinoid irritation and the copper-peptide formulation gap make a separate starting session the more attributable choice.
P091,tretinoin_conventional,Tretinoin · conventional cream/gel,tretinoin_stabilized,Tretinoin · microsphere/optimized/fixed,avoid,week,Multiple retinoid strategies,s10,https://dailymed.nlm.nih.gov/dailymed/downloadpdffile.cfm?setId=cabba2c1-cf07-46aa-a2c3-1b815517b16b,Choose one retinoid strategy unless a prescriber explicitly designed the switch. Alternating different retinoids does not create a known benefit and complicates tolerability.
P092,tretinoin_conventional,Tretinoin · conventional cream/gel,tazarotene,Tazarotene,avoid,week,Multiple retinoid strategies,s10,https://dailymed.nlm.nih.gov/dailymed/downloadpdffile.cfm?setId=cabba2c1-cf07-46aa-a2c3-1b815517b16b,Choose one retinoid strategy unless a prescriber explicitly designed the switch. Alternating different retinoids does not create a known benefit and complicates tolerability.
P093,tretinoin_conventional,Tretinoin · conventional cream/gel,otc_retinoid,Retinol / retinal / cosmetic retinoid,avoid,week,Multiple retinoid strategies,s10,https://dailymed.nlm.nih.gov/dailymed/downloadpdffile.cfm?setId=cabba2c1-cf07-46aa-a2c3-1b815517b16b,Choose one retinoid strategy unless a prescriber explicitly designed the switch. Alternating different retinoids does not create a known benefit and complicates tolerability.
P094,tretinoin_conventional,Tretinoin · conventional cream/gel,aha,AHA · glycolic / lactic acid,caution,different-session,Additive irritation—not cancellation,s10,https://dailymed.nlm.nih.gov/dailymed/downloadpdffile.cfm?setId=cabba2c1-cf07-46aa-a2c3-1b815517b16b,"Retinoid labels caution potentially irritating products, including salicylic acid and other drying/exfoliating agents. Separate initially or reduce frequency if the skin reacts."
P095,tretinoin_conventional,Tretinoin · conventional cream/gel,bha,BHA · salicylic acid leave-on,caution,different-session,Additive irritation—not cancellation,s10,https://dailymed.nlm.nih.gov/dailymed/downloadpdffile.cfm?setId=cabba2c1-cf07-46aa-a2c3-1b815517b16b,"Retinoid labels caution potentially irritating products, including salicylic acid and other drying/exfoliating agents. Separate initially or reduce frequency if the skin reacts."
P096,tretinoin_conventional,Tretinoin · conventional cream/gel,pha,PHA leave-on,caution,different-session,Additive irritation—not cancellation,s10,https://dailymed.nlm.nih.gov/dailymed/downloadpdffile.cfm?setId=cabba2c1-cf07-46aa-a2c3-1b815517b16b,"Retinoid labels caution potentially irritating products, including salicylic acid and other drying/exfoliating agents. Separate initially or reduce frequency if the skin reacts."
P097,tretinoin_conventional,Tretinoin · conventional cream/gel,enzyme,Enzyme exfoliant / scrub,caution,different-session,Additive irritation—not cancellation,s10,https://dailymed.nlm.nih.gov/dailymed/downloadpdffile.cfm?setId=cabba2c1-cf07-46aa-a2c3-1b815517b16b,"Retinoid labels caution potentially irritating products, including salicylic acid and other drying/exfoliating agents. Separate initially or reduce frequency if the skin reacts."
P098,tretinoin_conventional,Tretinoin · conventional cream/gel,urea,Urea 10–20% for rough body skin,caution,different-session,Retinoid plus another treatment lane,s33; s48,https://pubmed.ncbi.nlm.nih.gov/37584260/; https://dailymed.nlm.nih.gov/dailymed/drugInfo.cfm?setid=4e4e4b81-420e-4492-8a74-80b692a80057,"Retinoid labels and treatment studies support careful regimens, not a universal same-session stack. Separate when starting so dryness, sting, discoloration, and benefit remain attributable."
P099,tretinoin_conventional,Tretinoin · conventional cream/gel,bpo,Benzoyl peroxide,separate,different-session,Formulation-specific oxidation,s3,https://pubmed.ncbi.nlm.nih.gov/9990414/,"Conventional, unprotected tretinoin degraded when exposed to benzoyl peroxide plus light in a stability study. Use different sessions unless the exact tretinoin product or prescriber says concurrent use is supported."
P100,tretinoin_conventional,Tretinoin · conventional cream/gel,azelaic,Azelaic acid,caution,different-session,Additive irritation,s1; s10,https://pubmed.ncbi.nlm.nih.gov/38300170/; https://dailymed.nlm.nih.gov/dailymed/downloadpdffile.cfm?setId=cabba2c1-cf07-46aa-a2c3-1b815517b16b,"These treatments may share a regimen, but irritation/dryness can accumulate. Different sessions make tolerance and attribution easier; no universal wait time is established."
P101,tretinoin_conventional,Tretinoin · conventional cream/gel,dapsone,Topical dapsone,caution,different-session,Retinoid plus prescription acne lane,s5; s48,source_docs/DailyMed_dapsone_gel_label_2026-08-23.pdf; https://dailymed.nlm.nih.gov/dailymed/drugInfo.cfm?setid=4e4e4b81-420e-4492-8a74-80b692a80057,"Retinoid labels and treatment studies support careful regimens, not a universal same-session stack. The studied dapsone/adapalene exception remains compatible, while other retinoid pairings start apart for tolerance and attribution."
P102,tretinoin_conventional,Tretinoin · conventional cream/gel,sulfur,Sulfur / sulfacetamide-sulfur,caution,different-session,Additive irritation,s1; s10,https://pubmed.ncbi.nlm.nih.gov/38300170/; https://dailymed.nlm.nih.gov/dailymed/downloadpdffile.cfm?setId=cabba2c1-cf07-46aa-a2c3-1b815517b16b,"These treatments may share a regimen, but irritation/dryness can accumulate. Different sessions make tolerance and attribution easier; no universal wait time is established."
P103,tretinoin_conventional,Tretinoin · conventional cream/gel,hocl,Finished hypochlorous-acid spray,caution,different-session,Retinoid plus another treatment lane,s33; s48,https://pubmed.ncbi.nlm.nih.gov/37584260/; https://dailymed.nlm.nih.gov/dailymed/drugInfo.cfm?setid=4e4e4b81-420e-4492-8a74-80b692a80057,"Retinoid labels and treatment studies support careful regimens, not a universal same-session stack. Separate when starting so dryness, sting, discoloration, and benefit remain attributable."
P104,tretinoin_conventional,Tretinoin · conventional cream/gel,hydroquinone,Hydroquinone course,caution,none,A real prescription combination—not a DIY recipe,s6,source_docs/DailyMed_TriLuma_label_2026-08-23.pdf,"Hydroquinone and tretinoin coexist in an FDA-labeled triple-combination cream. That supports chemical coexistence in a designed formulation, while duration, steroid component, diagnosis, and irritation remain clinician-controlled."
P105,tretinoin_conventional,Tretinoin · conventional cream/gel,triple_combo,Prescription triple-combination cream,avoid,week,Duplicate prescription actives,s6,source_docs/DailyMed_TriLuma_label_2026-08-23.pdf,Triple-combination cream already contains tretinoin and hydroquinone. Adding a separate retinoid or hydroquinone recreates/duplicates a prescription regimen without formulation or dose control.
P106,tretinoin_conventional,Tretinoin · conventional cream/gel,txa,Topical tranexamic acid,caution,different-session,Retinoid plus another treatment lane,s33; s48,https://pubmed.ncbi.nlm.nih.gov/37584260/; https://dailymed.nlm.nih.gov/dailymed/drugInfo.cfm?setid=4e4e4b81-420e-4492-8a74-80b692a80057,"Retinoid labels and treatment studies support careful regimens, not a universal same-session stack. Separate when starting so dryness, sting, discoloration, and benefit remain attributable."
P107,tretinoin_conventional,Tretinoin · conventional cream/gel,cysteamine,Topical cysteamine,caution,different-session,Additive irritation load,,,"No direct cancellation rule was found, but placing two higher-load treatments together can make redness, dryness, or PIH more likely and harder to attribute."
P108,tretinoin_conventional,Tretinoin · conventional cream/gel,other_pigment,Other pigment serum,caution,different-session,Retinoid plus another treatment lane,s33; s48,https://pubmed.ncbi.nlm.nih.gov/37584260/; https://dailymed.nlm.nih.gov/dailymed/drugInfo.cfm?setid=4e4e4b81-420e-4492-8a74-80b692a80057,"Retinoid labels and treatment studies support careful regimens, not a universal same-session stack. Separate when starting so dryness, sting, discoloration, and benefit remain attributable."
P109,tretinoin_conventional,Tretinoin · conventional cream/gel,peptide,Non-copper peptide serum,caution,different-session,Prescription retinoid plus peptide lane,s33; s34; s35; s48,https://pubmed.ncbi.nlm.nih.gov/37584260/; https://pubmed.ncbi.nlm.nih.gov/20374604/; https://pubmed.ncbi.nlm.nih.gov/32869963/; https://dailymed.nlm.nih.gov/dailymed/drugInfo.cfm?setid=4e4e4b81-420e-4492-8a74-80b692a80057,"Peptide co-formulation evidence is strongest for cosmetic retinoids. Prescription retinoids should start in a different session so vehicle, dose, and irritation remain attributable."
P110,tretinoin_conventional,Tretinoin · conventional cream/gel,copper_peptide,Copper peptide serum,caution,different-session,Prescription retinoid plus copper-peptide tolerance split,s10; s48; s57,https://dailymed.nlm.nih.gov/dailymed/downloadpdffile.cfm?setId=cabba2c1-cf07-46aa-a2c3-1b815517b16b; https://dailymed.nlm.nih.gov/dailymed/drugInfo.cfm?setid=4e4e4b81-420e-4492-8a74-80b692a80057; https://pmc.ncbi.nlm.nih.gov/articles/PMC11830136/,Human GHK-Cu and retinoic-acid comparisons used separate treatment sites rather than a combined layer. Prescription retinoid irritation and the copper-peptide formulation gap make a separate starting session the more attributable choice.
P111,tretinoin_stabilized,Tretinoin · microsphere/optimized/fixed,tazarotene,Tazarotene,avoid,week,Multiple retinoid strategies,s10,https://dailymed.nlm.nih.gov/dailymed/downloadpdffile.cfm?setId=cabba2c1-cf07-46aa-a2c3-1b815517b16b,Choose one retinoid strategy unless a prescriber explicitly designed the switch. Alternating different retinoids does not create a known benefit and complicates tolerability.
P112,tretinoin_stabilized,Tretinoin · microsphere/optimized/fixed,otc_retinoid,Retinol / retinal / cosmetic retinoid,avoid,week,Multiple retinoid strategies,s10,https://dailymed.nlm.nih.gov/dailymed/downloadpdffile.cfm?setId=cabba2c1-cf07-46aa-a2c3-1b815517b16b,Choose one retinoid strategy unless a prescriber explicitly designed the switch. Alternating different retinoids does not create a known benefit and complicates tolerability.
P113,tretinoin_stabilized,Tretinoin · microsphere/optimized/fixed,aha,AHA · glycolic / lactic acid,caution,different-session,Additive irritation—not cancellation,s10,https://dailymed.nlm.nih.gov/dailymed/downloadpdffile.cfm?setId=cabba2c1-cf07-46aa-a2c3-1b815517b16b,"Retinoid labels caution potentially irritating products, including salicylic acid and other drying/exfoliating agents. Separate initially or reduce frequency if the skin reacts."
P114,tretinoin_stabilized,Tretinoin · microsphere/optimized/fixed,bha,BHA · salicylic acid leave-on,caution,different-session,Additive irritation—not cancellation,s10,https://dailymed.nlm.nih.gov/dailymed/downloadpdffile.cfm?setId=cabba2c1-cf07-46aa-a2c3-1b815517b16b,"Retinoid labels caution potentially irritating products, including salicylic acid and other drying/exfoliating agents. Separate initially or reduce frequency if the skin reacts."
P115,tretinoin_stabilized,Tretinoin · microsphere/optimized/fixed,pha,PHA leave-on,caution,different-session,Additive irritation—not cancellation,s10,https://dailymed.nlm.nih.gov/dailymed/downloadpdffile.cfm?setId=cabba2c1-cf07-46aa-a2c3-1b815517b16b,"Retinoid labels caution potentially irritating products, including salicylic acid and other drying/exfoliating agents. Separate initially or reduce frequency if the skin reacts."
P116,tretinoin_stabilized,Tretinoin · microsphere/optimized/fixed,enzyme,Enzyme exfoliant / scrub,caution,different-session,Additive irritation—not cancellation,s10,https://dailymed.nlm.nih.gov/dailymed/downloadpdffile.cfm?setId=cabba2c1-cf07-46aa-a2c3-1b815517b16b,"Retinoid labels caution potentially irritating products, including salicylic acid and other drying/exfoliating agents. Separate initially or reduce frequency if the skin reacts."
P117,tretinoin_stabilized,Tretinoin · microsphere/optimized/fixed,urea,Urea 10–20% for rough body skin,caution,different-session,Retinoid plus another treatment lane,s33; s48,https://pubmed.ncbi.nlm.nih.gov/37584260/; https://dailymed.nlm.nih.gov/dailymed/drugInfo.cfm?setid=4e4e4b81-420e-4492-8a74-80b692a80057,"Retinoid labels and treatment studies support careful regimens, not a universal same-session stack. Separate when starting so dryness, sting, discoloration, and benefit remain attributable."
P118,tretinoin_stabilized,Tretinoin · microsphere/optimized/fixed,bpo,Benzoyl peroxide,compatible,none,Protected formulations can be compatible,s4; s18,https://pubmed.ncbi.nlm.nih.gov/20967192/; source_docs/DailyMed_tretinoin_gel_label_2026-08-23.pdf,Microsphere/optimized tretinoin formulations have shown protection or stability with benzoyl peroxide. Verify the exact product—this finding cannot be generalized to every tretinoin cream or gel.
P119,tretinoin_stabilized,Tretinoin · microsphere/optimized/fixed,azelaic,Azelaic acid,caution,different-session,Additive irritation,s1; s10,https://pubmed.ncbi.nlm.nih.gov/38300170/; https://dailymed.nlm.nih.gov/dailymed/downloadpdffile.cfm?setId=cabba2c1-cf07-46aa-a2c3-1b815517b16b,"These treatments may share a regimen, but irritation/dryness can accumulate. Different sessions make tolerance and attribution easier; no universal wait time is established."
P120,tretinoin_stabilized,Tretinoin · microsphere/optimized/fixed,dapsone,Topical dapsone,caution,different-session,Retinoid plus prescription acne lane,s5; s48,source_docs/DailyMed_dapsone_gel_label_2026-08-23.pdf; https://dailymed.nlm.nih.gov/dailymed/drugInfo.cfm?setid=4e4e4b81-420e-4492-8a74-80b692a80057,"Retinoid labels and treatment studies support careful regimens, not a universal same-session stack. The studied dapsone/adapalene exception remains compatible, while other retinoid pairings start apart for tolerance and attribution."
P121,tretinoin_stabilized,Tretinoin · microsphere/optimized/fixed,sulfur,Sulfur / sulfacetamide-sulfur,caution,different-session,Additive irritation,s1; s10,https://pubmed.ncbi.nlm.nih.gov/38300170/; https://dailymed.nlm.nih.gov/dailymed/downloadpdffile.cfm?setId=cabba2c1-cf07-46aa-a2c3-1b815517b16b,"These treatments may share a regimen, but irritation/dryness can accumulate. Different sessions make tolerance and attribution easier; no universal wait time is established."
P122,tretinoin_stabilized,Tretinoin · microsphere/optimized/fixed,hocl,Finished hypochlorous-acid spray,caution,different-session,Retinoid plus another treatment lane,s33; s48,https://pubmed.ncbi.nlm.nih.gov/37584260/; https://dailymed.nlm.nih.gov/dailymed/drugInfo.cfm?setid=4e4e4b81-420e-4492-8a74-80b692a80057,"Retinoid labels and treatment studies support careful regimens, not a universal same-session stack. Separate when starting so dryness, sting, discoloration, and benefit remain attributable."
P123,tretinoin_stabilized,Tretinoin · microsphere/optimized/fixed,hydroquinone,Hydroquinone course,caution,none,A real prescription combination—not a DIY recipe,s6,source_docs/DailyMed_TriLuma_label_2026-08-23.pdf,"Hydroquinone and tretinoin coexist in an FDA-labeled triple-combination cream. That supports chemical coexistence in a designed formulation, while duration, steroid component, diagnosis, and irritation remain clinician-controlled."
P124,tretinoin_stabilized,Tretinoin · microsphere/optimized/fixed,triple_combo,Prescription triple-combination cream,avoid,week,Duplicate prescription actives,s6,source_docs/DailyMed_TriLuma_label_2026-08-23.pdf,Triple-combination cream already contains tretinoin and hydroquinone. Adding a separate retinoid or hydroquinone recreates/duplicates a prescription regimen without formulation or dose control.
P125,tretinoin_stabilized,Tretinoin · microsphere/optimized/fixed,txa,Topical tranexamic acid,caution,different-session,Retinoid plus another treatment lane,s33; s48,https://pubmed.ncbi.nlm.nih.gov/37584260/; https://dailymed.nlm.nih.gov/dailymed/drugInfo.cfm?setid=4e4e4b81-420e-4492-8a74-80b692a80057,"Retinoid labels and treatment studies support careful regimens, not a universal same-session stack. Separate when starting so dryness, sting, discoloration, and benefit remain attributable."
P126,tretinoin_stabilized,Tretinoin · microsphere/optimized/fixed,cysteamine,Topical cysteamine,caution,different-session,Additive irritation load,,,"No direct cancellation rule was found, but placing two higher-load treatments together can make redness, dryness, or PIH more likely and harder to attribute."
P127,tretinoin_stabilized,Tretinoin · microsphere/optimized/fixed,other_pigment,Other pigment serum,caution,different-session,Retinoid plus another treatment lane,s33; s48,https://pubmed.ncbi.nlm.nih.gov/37584260/; https://dailymed.nlm.nih.gov/dailymed/drugInfo.cfm?setid=4e4e4b81-420e-4492-8a74-80b692a80057,"Retinoid labels and treatment studies support careful regimens, not a universal same-session stack. Separate when starting so dryness, sting, discoloration, and benefit remain attributable."
P128,tretinoin_stabilized,Tretinoin · microsphere/optimized/fixed,peptide,Non-copper peptide serum,caution,different-session,Prescription retinoid plus peptide lane,s33; s34; s35; s48,https://pubmed.ncbi.nlm.nih.gov/37584260/; https://pubmed.ncbi.nlm.nih.gov/20374604/; https://pubmed.ncbi.nlm.nih.gov/32869963/; https://dailymed.nlm.nih.gov/dailymed/drugInfo.cfm?setid=4e4e4b81-420e-4492-8a74-80b692a80057,"Peptide co-formulation evidence is strongest for cosmetic retinoids. Prescription retinoids should start in a different session so vehicle, dose, and irritation remain attributable."
P129,tretinoin_stabilized,Tretinoin · microsphere/optimized/fixed,copper_peptide,Copper peptide serum,caution,different-session,Prescription retinoid plus copper-peptide tolerance split,s10; s48; s57,https://dailymed.nlm.nih.gov/dailymed/downloadpdffile.cfm?setId=cabba2c1-cf07-46aa-a2c3-1b815517b16b; https://dailymed.nlm.nih.gov/dailymed/drugInfo.cfm?setid=4e4e4b81-420e-4492-8a74-80b692a80057; https://pmc.ncbi.nlm.nih.gov/articles/PMC11830136/,Human GHK-Cu and retinoic-acid comparisons used separate treatment sites rather than a combined layer. Prescription retinoid irritation and the copper-peptide formulation gap make a separate starting session the more attributable choice.
P130,tazarotene,Tazarotene,otc_retinoid,Retinol / retinal / cosmetic retinoid,avoid,week,Multiple retinoid strategies,s10,https://dailymed.nlm.nih.gov/dailymed/downloadpdffile.cfm?setId=cabba2c1-cf07-46aa-a2c3-1b815517b16b,Choose one retinoid strategy unless a prescriber explicitly designed the switch. Alternating different retinoids does not create a known benefit and complicates tolerability.
P131,tazarotene,Tazarotene,aha,AHA · glycolic / lactic acid,caution,different-session,Additive irritation—not cancellation,s10,https://dailymed.nlm.nih.gov/dailymed/downloadpdffile.cfm?setId=cabba2c1-cf07-46aa-a2c3-1b815517b16b,"Retinoid labels caution potentially irritating products, including salicylic acid and other drying/exfoliating agents. Separate initially or reduce frequency if the skin reacts."
P132,tazarotene,Tazarotene,bha,BHA · salicylic acid leave-on,caution,different-session,Additive irritation—not cancellation,s10,https://dailymed.nlm.nih.gov/dailymed/downloadpdffile.cfm?setId=cabba2c1-cf07-46aa-a2c3-1b815517b16b,"Retinoid labels caution potentially irritating products, including salicylic acid and other drying/exfoliating agents. Separate initially or reduce frequency if the skin reacts."
P133,tazarotene,Tazarotene,pha,PHA leave-on,caution,different-session,Additive irritation—not cancellation,s10,https://dailymed.nlm.nih.gov/dailymed/downloadpdffile.cfm?setId=cabba2c1-cf07-46aa-a2c3-1b815517b16b,"Retinoid labels caution potentially irritating products, including salicylic acid and other drying/exfoliating agents. Separate initially or reduce frequency if the skin reacts."
P134,tazarotene,Tazarotene,enzyme,Enzyme exfoliant / scrub,caution,different-session,Additive irritation—not cancellation,s10,https://dailymed.nlm.nih.gov/dailymed/downloadpdffile.cfm?setId=cabba2c1-cf07-46aa-a2c3-1b815517b16b,"Retinoid labels caution potentially irritating products, including salicylic acid and other drying/exfoliating agents. Separate initially or reduce frequency if the skin reacts."
P135,tazarotene,Tazarotene,urea,Urea 10–20% for rough body skin,caution,different-session,Retinoid plus another treatment lane,s33; s48,https://pubmed.ncbi.nlm.nih.gov/37584260/; https://dailymed.nlm.nih.gov/dailymed/drugInfo.cfm?setid=4e4e4b81-420e-4492-8a74-80b692a80057,"Retinoid labels and treatment studies support careful regimens, not a universal same-session stack. Separate when starting so dryness, sting, discoloration, and benefit remain attributable."
P136,tazarotene,Tazarotene,bpo,Benzoyl peroxide,caution,different-session,Additive irritation load,,,"No direct cancellation rule was found, but placing two higher-load treatments together can make redness, dryness, or PIH more likely and harder to attribute."
P137,tazarotene,Tazarotene,azelaic,Azelaic acid,caution,different-session,Additive irritation,s1; s10,https://pubmed.ncbi.nlm.nih.gov/38300170/; https://dailymed.nlm.nih.gov/dailymed/downloadpdffile.cfm?setId=cabba2c1-cf07-46aa-a2c3-1b815517b16b,"These treatments may share a regimen, but irritation/dryness can accumulate. Different sessions make tolerance and attribution easier; no universal wait time is established."
P138,tazarotene,Tazarotene,dapsone,Topical dapsone,caution,different-session,Retinoid plus prescription acne lane,s5; s48,source_docs/DailyMed_dapsone_gel_label_2026-08-23.pdf; https://dailymed.nlm.nih.gov/dailymed/drugInfo.cfm?setid=4e4e4b81-420e-4492-8a74-80b692a80057,"Retinoid labels and treatment studies support careful regimens, not a universal same-session stack. The studied dapsone/adapalene exception remains compatible, while other retinoid pairings start apart for tolerance and attribution."
P139,tazarotene,Tazarotene,sulfur,Sulfur / sulfacetamide-sulfur,caution,different-session,Additive irritation,s1; s10,https://pubmed.ncbi.nlm.nih.gov/38300170/; https://dailymed.nlm.nih.gov/dailymed/downloadpdffile.cfm?setId=cabba2c1-cf07-46aa-a2c3-1b815517b16b,"These treatments may share a regimen, but irritation/dryness can accumulate. Different sessions make tolerance and attribution easier; no universal wait time is established."
P140,tazarotene,Tazarotene,hocl,Finished hypochlorous-acid spray,caution,different-session,Retinoid plus another treatment lane,s33; s48,https://pubmed.ncbi.nlm.nih.gov/37584260/; https://dailymed.nlm.nih.gov/dailymed/drugInfo.cfm?setid=4e4e4b81-420e-4492-8a74-80b692a80057,"Retinoid labels and treatment studies support careful regimens, not a universal same-session stack. Separate when starting so dryness, sting, discoloration, and benefit remain attributable."
P141,tazarotene,Tazarotene,hydroquinone,Hydroquinone course,caution,different-session,Additive irritation load,,,"No direct cancellation rule was found, but placing two higher-load treatments together can make redness, dryness, or PIH more likely and harder to attribute."
P142,tazarotene,Tazarotene,triple_combo,Prescription triple-combination cream,avoid,week,Duplicate prescription actives,s6,source_docs/DailyMed_TriLuma_label_2026-08-23.pdf,Triple-combination cream already contains tretinoin and hydroquinone. Adding a separate retinoid or hydroquinone recreates/duplicates a prescription regimen without formulation or dose control.
P143,tazarotene,Tazarotene,txa,Topical tranexamic acid,caution,different-session,Retinoid plus another treatment lane,s33; s48,https://pubmed.ncbi.nlm.nih.gov/37584260/; https://dailymed.nlm.nih.gov/dailymed/drugInfo.cfm?setid=4e4e4b81-420e-4492-8a74-80b692a80057,"Retinoid labels and treatment studies support careful regimens, not a universal same-session stack. Separate when starting so dryness, sting, discoloration, and benefit remain attributable."
P144,tazarotene,Tazarotene,cysteamine,Topical cysteamine,caution,different-session,Additive irritation load,,,"No direct cancellation rule was found, but placing two higher-load treatments together can make redness, dryness, or PIH more likely and harder to attribute."
P145,tazarotene,Tazarotene,other_pigment,Other pigment serum,caution,different-session,Retinoid plus another treatment lane,s33; s48,https://pubmed.ncbi.nlm.nih.gov/37584260/; https://dailymed.nlm.nih.gov/dailymed/drugInfo.cfm?setid=4e4e4b81-420e-4492-8a74-80b692a80057,"Retinoid labels and treatment studies support careful regimens, not a universal same-session stack. Separate when starting so dryness, sting, discoloration, and benefit remain attributable."
P146,tazarotene,Tazarotene,peptide,Non-copper peptide serum,caution,different-session,Prescription retinoid plus peptide lane,s33; s34; s35; s48,https://pubmed.ncbi.nlm.nih.gov/37584260/; https://pubmed.ncbi.nlm.nih.gov/20374604/; https://pubmed.ncbi.nlm.nih.gov/32869963/; https://dailymed.nlm.nih.gov/dailymed/drugInfo.cfm?setid=4e4e4b81-420e-4492-8a74-80b692a80057,"Peptide co-formulation evidence is strongest for cosmetic retinoids. Prescription retinoids should start in a different session so vehicle, dose, and irritation remain attributable."
P147,tazarotene,Tazarotene,copper_peptide,Copper peptide serum,caution,different-session,Prescription retinoid plus copper-peptide tolerance split,s10; s48; s57,https://dailymed.nlm.nih.gov/dailymed/downloadpdffile.cfm?setId=cabba2c1-cf07-46aa-a2c3-1b815517b16b; https://dailymed.nlm.nih.gov/dailymed/drugInfo.cfm?setid=4e4e4b81-420e-4492-8a74-80b692a80057; https://pmc.ncbi.nlm.nih.gov/articles/PMC11830136/,Human GHK-Cu and retinoic-acid comparisons used separate treatment sites rather than a combined layer. Prescription retinoid irritation and the copper-peptide formulation gap make a separate starting session the more attributable choice.
P148,otc_retinoid,Retinol / retinal / cosmetic retinoid,aha,AHA · glycolic / lactic acid,caution,different-session,Combination can be formulated; separate products can overload,s8,https://pubmed.ncbi.nlm.nih.gov/18452434/,"A human trial used a formulated retinol/glycolic product, so this is not universal chemical incompatibility. Independent leave-ons can still add irritation and should not be assumed equivalent."
P149,otc_retinoid,Retinol / retinal / cosmetic retinoid,bha,BHA · salicylic acid leave-on,caution,different-session,Additive irritation—not cancellation,s10,https://dailymed.nlm.nih.gov/dailymed/downloadpdffile.cfm?setId=cabba2c1-cf07-46aa-a2c3-1b815517b16b,"Retinoid labels caution potentially irritating products, including salicylic acid and other drying/exfoliating agents. Separate initially or reduce frequency if the skin reacts."
P150,otc_retinoid,Retinol / retinal / cosmetic retinoid,pha,PHA leave-on,caution,different-session,Additive irritation—not cancellation,s10,https://dailymed.nlm.nih.gov/dailymed/downloadpdffile.cfm?setId=cabba2c1-cf07-46aa-a2c3-1b815517b16b,"Retinoid labels caution potentially irritating products, including salicylic acid and other drying/exfoliating agents. Separate initially or reduce frequency if the skin reacts."
P151,otc_retinoid,Retinol / retinal / cosmetic retinoid,enzyme,Enzyme exfoliant / scrub,caution,different-session,Additive irritation—not cancellation,s10,https://dailymed.nlm.nih.gov/dailymed/downloadpdffile.cfm?setId=cabba2c1-cf07-46aa-a2c3-1b815517b16b,"Retinoid labels caution potentially irritating products, including salicylic acid and other drying/exfoliating agents. Separate initially or reduce frequency if the skin reacts."
P152,otc_retinoid,Retinol / retinal / cosmetic retinoid,urea,Urea 10–20% for rough body skin,caution,different-session,Retinoid plus another treatment lane,s33; s48,https://pubmed.ncbi.nlm.nih.gov/37584260/; https://dailymed.nlm.nih.gov/dailymed/drugInfo.cfm?setid=4e4e4b81-420e-4492-8a74-80b692a80057,"Retinoid labels and treatment studies support careful regimens, not a universal same-session stack. Separate when starting so dryness, sting, discoloration, and benefit remain attributable."
P153,otc_retinoid,Retinol / retinal / cosmetic retinoid,bpo,Benzoyl peroxide,caution,different-session,Additive irritation load,,,"No direct cancellation rule was found, but placing two higher-load treatments together can make redness, dryness, or PIH more likely and harder to attribute."
P154,otc_retinoid,Retinol / retinal / cosmetic retinoid,azelaic,Azelaic acid,caution,different-session,Additive irritation,s1; s10,https://pubmed.ncbi.nlm.nih.gov/38300170/; https://dailymed.nlm.nih.gov/dailymed/downloadpdffile.cfm?setId=cabba2c1-cf07-46aa-a2c3-1b815517b16b,"These treatments may share a regimen, but irritation/dryness can accumulate. Different sessions make tolerance and attribution easier; no universal wait time is established."
P155,otc_retinoid,Retinol / retinal / cosmetic retinoid,dapsone,Topical dapsone,caution,different-session,Retinoid plus prescription acne lane,s5; s48,source_docs/DailyMed_dapsone_gel_label_2026-08-23.pdf; https://dailymed.nlm.nih.gov/dailymed/drugInfo.cfm?setid=4e4e4b81-420e-4492-8a74-80b692a80057,"Retinoid labels and treatment studies support careful regimens, not a universal same-session stack. The studied dapsone/adapalene exception remains compatible, while other retinoid pairings start apart for tolerance and attribution."
P156,otc_retinoid,Retinol / retinal / cosmetic retinoid,sulfur,Sulfur / sulfacetamide-sulfur,caution,different-session,Additive irritation,s1; s10,https://pubmed.ncbi.nlm.nih.gov/38300170/; https://dailymed.nlm.nih.gov/dailymed/downloadpdffile.cfm?setId=cabba2c1-cf07-46aa-a2c3-1b815517b16b,"These treatments may share a regimen, but irritation/dryness can accumulate. Different sessions make tolerance and attribution easier; no universal wait time is established."
P157,otc_retinoid,Retinol / retinal / cosmetic retinoid,hocl,Finished hypochlorous-acid spray,caution,different-session,Retinoid plus another treatment lane,s33; s48,https://pubmed.ncbi.nlm.nih.gov/37584260/; https://dailymed.nlm.nih.gov/dailymed/drugInfo.cfm?setid=4e4e4b81-420e-4492-8a74-80b692a80057,"Retinoid labels and treatment studies support careful regimens, not a universal same-session stack. Separate when starting so dryness, sting, discoloration, and benefit remain attributable."
P158,otc_retinoid,Retinol / retinal / cosmetic retinoid,hydroquinone,Hydroquinone course,caution,different-session,Additive irritation load,,,"No direct cancellation rule was found, but placing two higher-load treatments together can make redness, dryness, or PIH more likely and harder to attribute."
P159,otc_retinoid,Retinol / retinal / cosmetic retinoid,triple_combo,Prescription triple-combination cream,avoid,week,Duplicate prescription actives,s6,source_docs/DailyMed_TriLuma_label_2026-08-23.pdf,Triple-combination cream already contains tretinoin and hydroquinone. Adding a separate retinoid or hydroquinone recreates/duplicates a prescription regimen without formulation or dose control.
P160,otc_retinoid,Retinol / retinal / cosmetic retinoid,txa,Topical tranexamic acid,caution,different-session,Retinoid plus another treatment lane,s33; s48,https://pubmed.ncbi.nlm.nih.gov/37584260/; https://dailymed.nlm.nih.gov/dailymed/drugInfo.cfm?setid=4e4e4b81-420e-4492-8a74-80b692a80057,"Retinoid labels and treatment studies support careful regimens, not a universal same-session stack. Separate when starting so dryness, sting, discoloration, and benefit remain attributable."
P161,otc_retinoid,Retinol / retinal / cosmetic retinoid,cysteamine,Topical cysteamine,caution,different-session,Additive irritation load,,,"No direct cancellation rule was found, but placing two higher-load treatments together can make redness, dryness, or PIH more likely and harder to attribute."
P162,otc_retinoid,Retinol / retinal / cosmetic retinoid,other_pigment,Other pigment serum,caution,different-session,Retinoid plus another treatment lane,s33; s48,https://pubmed.ncbi.nlm.nih.gov/37584260/; https://dailymed.nlm.nih.gov/dailymed/drugInfo.cfm?setid=4e4e4b81-420e-4492-8a74-80b692a80057,"Retinoid labels and treatment studies support careful regimens, not a universal same-session stack. Separate when starting so dryness, sting, discoloration, and benefit remain attributable."
P163,otc_retinoid,Retinol / retinal / cosmetic retinoid,peptide,Non-copper peptide serum,compatible,exact formula check,Cosmetic retinoid and peptide formulas exist,s33; s34; s35,https://pubmed.ncbi.nlm.nih.gov/37584260/; https://pubmed.ncbi.nlm.nih.gov/20374604/; https://pubmed.ncbi.nlm.nih.gov/32869963/,"Human cosmetic studies evaluated retinol or retinyl-propionate regimens with peptides. This supports a designed cosmetic formula or carefully introduced regimen, not adding a cosmetic retinoid to a prescription retinoid strategy."
P164,otc_retinoid,Retinol / retinal / cosmetic retinoid,copper_peptide,Copper peptide serum,compatible,exact formula check,Co-formulated with retinol,s63,https://www.reshlab.com/products/derma-peptide-retinol-serum,A finished retinol/peptide serum lists copper tripeptide-1 in the same vehicle. This is a product-specific coexistence signal; it does not generalize to prescription retinoids or every OTC retinoid formula.
P165,aha,AHA · glycolic / lactic acid,bha,BHA · salicylic acid leave-on,caution,different-session,Duplicated exfoliation load,s10,https://dailymed.nlm.nih.gov/dailymed/downloadpdffile.cfm?setId=cabba2c1-cf07-46aa-a2c3-1b815517b16b,Layering exfoliant families rarely adds a unique routine role and makes irritation harder to attribute. Choose one lane first.
P166,aha,AHA · glycolic / lactic acid,pha,PHA leave-on,caution,different-session,Duplicated exfoliation load,s10,https://dailymed.nlm.nih.gov/dailymed/downloadpdffile.cfm?setId=cabba2c1-cf07-46aa-a2c3-1b815517b16b,Layering exfoliant families rarely adds a unique routine role and makes irritation harder to attribute. Choose one lane first.
P167,aha,AHA · glycolic / lactic acid,enzyme,Enzyme exfoliant / scrub,caution,different-session,Duplicated exfoliation load,s10,https://dailymed.nlm.nih.gov/dailymed/downloadpdffile.cfm?setId=cabba2c1-cf07-46aa-a2c3-1b815517b16b,Layering exfoliant families rarely adds a unique routine role and makes irritation harder to attribute. Choose one lane first.
P168,aha,AHA · glycolic / lactic acid,urea,Urea 10–20% for rough body skin,caution,different-session,Exfoliant plus treatment-load caution,s42; s43; s44; s45; s49; s54,https://pubmed.ncbi.nlm.nih.gov/38787441/; https://pubmed.ncbi.nlm.nih.gov/29862871/; https://pubmed.ncbi.nlm.nih.gov/36943434/; https://pubmed.ncbi.nlm.nih.gov/34971480/; https://dailymed.nlm.nih.gov/dailymed/lookup.cfm?setid=fdcaaa56-a27d-5bd9-e053-6294a90a1160&version=3; https://pubmed.ncbi.nlm.nih.gov/32356369/,"Peels, maintenance studies, labels, and acne reviews show that these lanes can be clinically useful but can also add keratolysis, sting, or pigmentary irritation. A different session is the conservative starting point for separate products."
P169,aha,AHA · glycolic / lactic acid,bpo,Benzoyl peroxide,caution,different-session,Acne combinations can raise irritation load,s1; s10,https://pubmed.ncbi.nlm.nih.gov/38300170/; https://dailymed.nlm.nih.gov/dailymed/downloadpdffile.cfm?setId=cabba2c1-cf07-46aa-a2c3-1b815517b16b,"This is not a blanket chemical cancellation. Multiple drying or keratolytic treatments in one session can raise redness, scaling, and sting; use the treatment plan and product labels."
P170,aha,AHA · glycolic / lactic acid,azelaic,Azelaic acid,caution,different-session,Exfoliant plus treatment-load caution,s42; s43; s44; s45; s49; s54,https://pubmed.ncbi.nlm.nih.gov/38787441/; https://pubmed.ncbi.nlm.nih.gov/29862871/; https://pubmed.ncbi.nlm.nih.gov/36943434/; https://pubmed.ncbi.nlm.nih.gov/34971480/; https://dailymed.nlm.nih.gov/dailymed/lookup.cfm?setid=fdcaaa56-a27d-5bd9-e053-6294a90a1160&version=3; https://pubmed.ncbi.nlm.nih.gov/32356369/,"Peels, maintenance studies, labels, and acne reviews show that these lanes can be clinically useful but can also add keratolysis, sting, or pigmentary irritation. A different session is the conservative starting point for separate products."
P171,aha,AHA · glycolic / lactic acid,dapsone,Topical dapsone,caution,different-session,Exfoliant plus treatment-load caution,s42; s43; s44; s45; s49; s54,https://pubmed.ncbi.nlm.nih.gov/38787441/; https://pubmed.ncbi.nlm.nih.gov/29862871/; https://pubmed.ncbi.nlm.nih.gov/36943434/; https://pubmed.ncbi.nlm.nih.gov/34971480/; https://dailymed.nlm.nih.gov/dailymed/lookup.cfm?setid=fdcaaa56-a27d-5bd9-e053-6294a90a1160&version=3; https://pubmed.ncbi.nlm.nih.gov/32356369/,"Peels, maintenance studies, labels, and acne reviews show that these lanes can be clinically useful but can also add keratolysis, sting, or pigmentary irritation. A different session is the conservative starting point for separate products."
P172,aha,AHA · glycolic / lactic acid,sulfur,Sulfur / sulfacetamide-sulfur,caution,different-session,Exfoliant plus treatment-load caution,s42; s43; s44; s45; s49; s54,https://pubmed.ncbi.nlm.nih.gov/38787441/; https://pubmed.ncbi.nlm.nih.gov/29862871/; https://pubmed.ncbi.nlm.nih.gov/36943434/; https://pubmed.ncbi.nlm.nih.gov/34971480/; https://dailymed.nlm.nih.gov/dailymed/lookup.cfm?setid=fdcaaa56-a27d-5bd9-e053-6294a90a1160&version=3; https://pubmed.ncbi.nlm.nih.gov/32356369/,"Peels, maintenance studies, labels, and acne reviews show that these lanes can be clinically useful but can also add keratolysis, sting, or pigmentary irritation. A different session is the conservative starting point for separate products."
P173,aha,AHA · glycolic / lactic acid,hocl,Finished hypochlorous-acid spray,caution,different-session,Exfoliant plus treatment-load caution,s42; s43; s44; s45; s49; s54,https://pubmed.ncbi.nlm.nih.gov/38787441/; https://pubmed.ncbi.nlm.nih.gov/29862871/; https://pubmed.ncbi.nlm.nih.gov/36943434/; https://pubmed.ncbi.nlm.nih.gov/34971480/; https://dailymed.nlm.nih.gov/dailymed/lookup.cfm?setid=fdcaaa56-a27d-5bd9-e053-6294a90a1160&version=3; https://pubmed.ncbi.nlm.nih.gov/32356369/,"Peels, maintenance studies, labels, and acne reviews show that these lanes can be clinically useful but can also add keratolysis, sting, or pigmentary irritation. A different session is the conservative starting point for separate products."
P174,aha,AHA · glycolic / lactic acid,hydroquinone,Hydroquinone course,caution,different-session,Exfoliant plus treatment-load caution,s42; s43; s44; s45; s49; s54,https://pubmed.ncbi.nlm.nih.gov/38787441/; https://pubmed.ncbi.nlm.nih.gov/29862871/; https://pubmed.ncbi.nlm.nih.gov/36943434/; https://pubmed.ncbi.nlm.nih.gov/34971480/; https://dailymed.nlm.nih.gov/dailymed/lookup.cfm?setid=fdcaaa56-a27d-5bd9-e053-6294a90a1160&version=3; https://pubmed.ncbi.nlm.nih.gov/32356369/,"Peels, maintenance studies, labels, and acne reviews show that these lanes can be clinically useful but can also add keratolysis, sting, or pigmentary irritation. A different session is the conservative starting point for separate products."
P175,aha,AHA · glycolic / lactic acid,triple_combo,Prescription triple-combination cream,caution,different-session,Additive irritation load,,,"No direct cancellation rule was found, but placing two higher-load treatments together can make redness, dryness, or PIH more likely and harder to attribute."
P176,aha,AHA · glycolic / lactic acid,txa,Topical tranexamic acid,caution,different-session,Exfoliant plus treatment-load caution,s42; s43; s44; s45; s49; s54,https://pubmed.ncbi.nlm.nih.gov/38787441/; https://pubmed.ncbi.nlm.nih.gov/29862871/; https://pubmed.ncbi.nlm.nih.gov/36943434/; https://pubmed.ncbi.nlm.nih.gov/34971480/; https://dailymed.nlm.nih.gov/dailymed/lookup.cfm?setid=fdcaaa56-a27d-5bd9-e053-6294a90a1160&version=3; https://pubmed.ncbi.nlm.nih.gov/32356369/,"Peels, maintenance studies, labels, and acne reviews show that these lanes can be clinically useful but can also add keratolysis, sting, or pigmentary irritation. A different session is the conservative starting point for separate products."
P177,aha,AHA · glycolic / lactic acid,cysteamine,Topical cysteamine,caution,different-session,Exfoliant plus treatment-load caution,s42; s43; s44; s45; s49; s54,https://pubmed.ncbi.nlm.nih.gov/38787441/; https://pubmed.ncbi.nlm.nih.gov/29862871/; https://pubmed.ncbi.nlm.nih.gov/36943434/; https://pubmed.ncbi.nlm.nih.gov/34971480/; https://dailymed.nlm.nih.gov/dailymed/lookup.cfm?setid=fdcaaa56-a27d-5bd9-e053-6294a90a1160&version=3; https://pubmed.ncbi.nlm.nih.gov/32356369/,"Peels, maintenance studies, labels, and acne reviews show that these lanes can be clinically useful but can also add keratolysis, sting, or pigmentary irritation. A different session is the conservative starting point for separate products."
P178,aha,AHA · glycolic / lactic acid,other_pigment,Other pigment serum,caution,different-session,Exfoliant plus treatment-load caution,s42; s43; s44; s45; s49; s54,https://pubmed.ncbi.nlm.nih.gov/38787441/; https://pubmed.ncbi.nlm.nih.gov/29862871/; https://pubmed.ncbi.nlm.nih.gov/36943434/; https://pubmed.ncbi.nlm.nih.gov/34971480/; https://dailymed.nlm.nih.gov/dailymed/lookup.cfm?setid=fdcaaa56-a27d-5bd9-e053-6294a90a1160&version=3; https://pubmed.ncbi.nlm.nih.gov/32356369/,"Peels, maintenance studies, labels, and acne reviews show that these lanes can be clinically useful but can also add keratolysis, sting, or pigmentary irritation. A different session is the conservative starting point for separate products."
P179,aha,AHA · glycolic / lactic acid,peptide,Non-copper peptide serum,compatible,exact formula check,Peptide/exfoliant co-formulations exist,s35; s55,https://pubmed.ncbi.nlm.nih.gov/32869963/; https://pubmed.ncbi.nlm.nih.gov/41668671/,"A finished gel combined retinoid, peptide, salicylic acid, glycolic acid, and niacinamide, and a PHA/peptide/niacinamide formula has been studied. This supports designed formulations, not unrestricted layering of separate acids."
P180,aha,AHA · glycolic / lactic acid,copper_peptide,Copper peptide serum,caution,different-session,Exfoliant plus copper-peptide formulation/tolerance caution,s16; s57; s65,https://pubmed.ncbi.nlm.nih.gov/25384620/; https://pmc.ncbi.nlm.nih.gov/articles/PMC11830136/; https://pmc.ncbi.nlm.nih.gov/articles/PMC3047947/,"GHK-Cu has been characterized across selected pH buffers, but leave-on acids vary in pH and free-acid load and can sting. No direct pair trial was located; separate new products while checking the finished formulas."
P181,bha,BHA · salicylic acid leave-on,pha,PHA leave-on,caution,different-session,Duplicated exfoliation load,s10,https://dailymed.nlm.nih.gov/dailymed/downloadpdffile.cfm?setId=cabba2c1-cf07-46aa-a2c3-1b815517b16b,Layering exfoliant families rarely adds a unique routine role and makes irritation harder to attribute. Choose one lane first.
P182,bha,BHA · salicylic acid leave-on,enzyme,Enzyme exfoliant / scrub,caution,different-session,Duplicated exfoliation load,s10,https://dailymed.nlm.nih.gov/dailymed/downloadpdffile.cfm?setId=cabba2c1-cf07-46aa-a2c3-1b815517b16b,Layering exfoliant families rarely adds a unique routine role and makes irritation harder to attribute. Choose one lane first.
P183,bha,BHA · salicylic acid leave-on,urea,Urea 10–20% for rough body skin,caution,different-session,Exfoliant plus treatment-load caution,s42; s43; s44; s45; s49; s54,https://pubmed.ncbi.nlm.nih.gov/38787441/; https://pubmed.ncbi.nlm.nih.gov/29862871/; https://pubmed.ncbi.nlm.nih.gov/36943434/; https://pubmed.ncbi.nlm.nih.gov/34971480/; https://dailymed.nlm.nih.gov/dailymed/lookup.cfm?setid=fdcaaa56-a27d-5bd9-e053-6294a90a1160&version=3; https://pubmed.ncbi.nlm.nih.gov/32356369/,"Peels, maintenance studies, labels, and acne reviews show that these lanes can be clinically useful but can also add keratolysis, sting, or pigmentary irritation. A different session is the conservative starting point for separate products."
P184,bha,BHA · salicylic acid leave-on,bpo,Benzoyl peroxide,caution,different-session,Acne combinations can raise irritation load,s1; s10,https://pubmed.ncbi.nlm.nih.gov/38300170/; https://dailymed.nlm.nih.gov/dailymed/downloadpdffile.cfm?setId=cabba2c1-cf07-46aa-a2c3-1b815517b16b,"This is not a blanket chemical cancellation. Multiple drying or keratolytic treatments in one session can raise redness, scaling, and sting; use the treatment plan and product labels."
P185,bha,BHA · salicylic acid leave-on,azelaic,Azelaic acid,caution,different-session,Exfoliant plus treatment-load caution,s42; s43; s44; s45; s49; s54,https://pubmed.ncbi.nlm.nih.gov/38787441/; https://pubmed.ncbi.nlm.nih.gov/29862871/; https://pubmed.ncbi.nlm.nih.gov/36943434/; https://pubmed.ncbi.nlm.nih.gov/34971480/; https://dailymed.nlm.nih.gov/dailymed/lookup.cfm?setid=fdcaaa56-a27d-5bd9-e053-6294a90a1160&version=3; https://pubmed.ncbi.nlm.nih.gov/32356369/,"Peels, maintenance studies, labels, and acne reviews show that these lanes can be clinically useful but can also add keratolysis, sting, or pigmentary irritation. A different session is the conservative starting point for separate products."
P186,bha,BHA · salicylic acid leave-on,dapsone,Topical dapsone,caution,different-session,Exfoliant plus treatment-load caution,s42; s43; s44; s45; s49; s54,https://pubmed.ncbi.nlm.nih.gov/38787441/; https://pubmed.ncbi.nlm.nih.gov/29862871/; https://pubmed.ncbi.nlm.nih.gov/36943434/; https://pubmed.ncbi.nlm.nih.gov/34971480/; https://dailymed.nlm.nih.gov/dailymed/lookup.cfm?setid=fdcaaa56-a27d-5bd9-e053-6294a90a1160&version=3; https://pubmed.ncbi.nlm.nih.gov/32356369/,"Peels, maintenance studies, labels, and acne reviews show that these lanes can be clinically useful but can also add keratolysis, sting, or pigmentary irritation. A different session is the conservative starting point for separate products."
P187,bha,BHA · salicylic acid leave-on,sulfur,Sulfur / sulfacetamide-sulfur,caution,different-session,Exfoliant plus treatment-load caution,s42; s43; s44; s45; s49; s54,https://pubmed.ncbi.nlm.nih.gov/38787441/; https://pubmed.ncbi.nlm.nih.gov/29862871/; https://pubmed.ncbi.nlm.nih.gov/36943434/; https://pubmed.ncbi.nlm.nih.gov/34971480/; https://dailymed.nlm.nih.gov/dailymed/lookup.cfm?setid=fdcaaa56-a27d-5bd9-e053-6294a90a1160&version=3; https://pubmed.ncbi.nlm.nih.gov/32356369/,"Peels, maintenance studies, labels, and acne reviews show that these lanes can be clinically useful but can also add keratolysis, sting, or pigmentary irritation. A different session is the conservative starting point for separate products."
P188,bha,BHA · salicylic acid leave-on,hocl,Finished hypochlorous-acid spray,caution,different-session,Exfoliant plus treatment-load caution,s42; s43; s44; s45; s49; s54,https://pubmed.ncbi.nlm.nih.gov/38787441/; https://pubmed.ncbi.nlm.nih.gov/29862871/; https://pubmed.ncbi.nlm.nih.gov/36943434/; https://pubmed.ncbi.nlm.nih.gov/34971480/; https://dailymed.nlm.nih.gov/dailymed/lookup.cfm?setid=fdcaaa56-a27d-5bd9-e053-6294a90a1160&version=3; https://pubmed.ncbi.nlm.nih.gov/32356369/,"Peels, maintenance studies, labels, and acne reviews show that these lanes can be clinically useful but can also add keratolysis, sting, or pigmentary irritation. A different session is the conservative starting point for separate products."
P189,bha,BHA · salicylic acid leave-on,hydroquinone,Hydroquinone course,caution,different-session,Exfoliant plus treatment-load caution,s42; s43; s44; s45; s49; s54,https://pubmed.ncbi.nlm.nih.gov/38787441/; https://pubmed.ncbi.nlm.nih.gov/29862871/; https://pubmed.ncbi.nlm.nih.gov/36943434/; https://pubmed.ncbi.nlm.nih.gov/34971480/; https://dailymed.nlm.nih.gov/dailymed/lookup.cfm?setid=fdcaaa56-a27d-5bd9-e053-6294a90a1160&version=3; https://pubmed.ncbi.nlm.nih.gov/32356369/,"Peels, maintenance studies, labels, and acne reviews show that these lanes can be clinically useful but can also add keratolysis, sting, or pigmentary irritation. A different session is the conservative starting point for separate products."
P190,bha,BHA · salicylic acid leave-on,triple_combo,Prescription triple-combination cream,caution,different-session,Additive irritation load,,,"No direct cancellation rule was found, but placing two higher-load treatments together can make redness, dryness, or PIH more likely and harder to attribute."
P191,bha,BHA · salicylic acid leave-on,txa,Topical tranexamic acid,caution,different-session,Exfoliant plus treatment-load caution,s42; s43; s44; s45; s49; s54,https://pubmed.ncbi.nlm.nih.gov/38787441/; https://pubmed.ncbi.nlm.nih.gov/29862871/; https://pubmed.ncbi.nlm.nih.gov/36943434/; https://pubmed.ncbi.nlm.nih.gov/34971480/; https://dailymed.nlm.nih.gov/dailymed/lookup.cfm?setid=fdcaaa56-a27d-5bd9-e053-6294a90a1160&version=3; https://pubmed.ncbi.nlm.nih.gov/32356369/,"Peels, maintenance studies, labels, and acne reviews show that these lanes can be clinically useful but can also add keratolysis, sting, or pigmentary irritation. A different session is the conservative starting point for separate products."
P192,bha,BHA · salicylic acid leave-on,cysteamine,Topical cysteamine,caution,different-session,Exfoliant plus treatment-load caution,s42; s43; s44; s45; s49; s54,https://pubmed.ncbi.nlm.nih.gov/38787441/; https://pubmed.ncbi.nlm.nih.gov/29862871/; https://pubmed.ncbi.nlm.nih.gov/36943434/; https://pubmed.ncbi.nlm.nih.gov/34971480/; https://dailymed.nlm.nih.gov/dailymed/lookup.cfm?setid=fdcaaa56-a27d-5bd9-e053-6294a90a1160&version=3; https://pubmed.ncbi.nlm.nih.gov/32356369/,"Peels, maintenance studies, labels, and acne reviews show that these lanes can be clinically useful but can also add keratolysis, sting, or pigmentary irritation. A different session is the conservative starting point for separate products."
P193,bha,BHA · salicylic acid leave-on,other_pigment,Other pigment serum,caution,different-session,Exfoliant plus treatment-load caution,s42; s43; s44; s45; s49; s54,https://pubmed.ncbi.nlm.nih.gov/38787441/; https://pubmed.ncbi.nlm.nih.gov/29862871/; https://pubmed.ncbi.nlm.nih.gov/36943434/; https://pubmed.ncbi.nlm.nih.gov/34971480/; https://dailymed.nlm.nih.gov/dailymed/lookup.cfm?setid=fdcaaa56-a27d-5bd9-e053-6294a90a1160&version=3; https://pubmed.ncbi.nlm.nih.gov/32356369/,"Peels, maintenance studies, labels, and acne reviews show that these lanes can be clinically useful but can also add keratolysis, sting, or pigmentary irritation. A different session is the conservative starting point for separate products."
P194,bha,BHA · salicylic acid leave-on,peptide,Non-copper peptide serum,compatible,exact formula check,Peptide/exfoliant co-formulations exist,s35; s55,https://pubmed.ncbi.nlm.nih.gov/32869963/; https://pubmed.ncbi.nlm.nih.gov/41668671/,"A finished gel combined retinoid, peptide, salicylic acid, glycolic acid, and niacinamide, and a PHA/peptide/niacinamide formula has been studied. This supports designed formulations, not unrestricted layering of separate acids."
P195,bha,BHA · salicylic acid leave-on,copper_peptide,Copper peptide serum,caution,different-session,Exfoliant plus copper-peptide formulation/tolerance caution,s16; s57; s65,https://pubmed.ncbi.nlm.nih.gov/25384620/; https://pmc.ncbi.nlm.nih.gov/articles/PMC11830136/; https://pmc.ncbi.nlm.nih.gov/articles/PMC3047947/,"GHK-Cu has been characterized across selected pH buffers, but leave-on acids vary in pH and free-acid load and can sting. No direct pair trial was located; separate new products while checking the finished formulas."
P196,pha,PHA leave-on,enzyme,Enzyme exfoliant / scrub,caution,different-session,Duplicated exfoliation load,s10,https://dailymed.nlm.nih.gov/dailymed/downloadpdffile.cfm?setId=cabba2c1-cf07-46aa-a2c3-1b815517b16b,Layering exfoliant families rarely adds a unique routine role and makes irritation harder to attribute. Choose one lane first.
P197,pha,PHA leave-on,urea,Urea 10–20% for rough body skin,caution,different-session,Exfoliant plus treatment-load caution,s42; s43; s44; s45; s49; s54,https://pubmed.ncbi.nlm.nih.gov/38787441/; https://pubmed.ncbi.nlm.nih.gov/29862871/; https://pubmed.ncbi.nlm.nih.gov/36943434/; https://pubmed.ncbi.nlm.nih.gov/34971480/; https://dailymed.nlm.nih.gov/dailymed/lookup.cfm?setid=fdcaaa56-a27d-5bd9-e053-6294a90a1160&version=3; https://pubmed.ncbi.nlm.nih.gov/32356369/,"Peels, maintenance studies, labels, and acne reviews show that these lanes can be clinically useful but can also add keratolysis, sting, or pigmentary irritation. A different session is the conservative starting point for separate products."
P198,pha,PHA leave-on,bpo,Benzoyl peroxide,caution,different-session,Acne combinations can raise irritation load,s1; s10,https://pubmed.ncbi.nlm.nih.gov/38300170/; https://dailymed.nlm.nih.gov/dailymed/downloadpdffile.cfm?setId=cabba2c1-cf07-46aa-a2c3-1b815517b16b,"This is not a blanket chemical cancellation. Multiple drying or keratolytic treatments in one session can raise redness, scaling, and sting; use the treatment plan and product labels."
P199,pha,PHA leave-on,azelaic,Azelaic acid,caution,different-session,Exfoliant plus treatment-load caution,s42; s43; s44; s45; s49; s54,https://pubmed.ncbi.nlm.nih.gov/38787441/; https://pubmed.ncbi.nlm.nih.gov/29862871/; https://pubmed.ncbi.nlm.nih.gov/36943434/; https://pubmed.ncbi.nlm.nih.gov/34971480/; https://dailymed.nlm.nih.gov/dailymed/lookup.cfm?setid=fdcaaa56-a27d-5bd9-e053-6294a90a1160&version=3; https://pubmed.ncbi.nlm.nih.gov/32356369/,"Peels, maintenance studies, labels, and acne reviews show that these lanes can be clinically useful but can also add keratolysis, sting, or pigmentary irritation. A different session is the conservative starting point for separate products."
P200,pha,PHA leave-on,dapsone,Topical dapsone,caution,different-session,Exfoliant plus treatment-load caution,s42; s43; s44; s45; s49; s54,https://pubmed.ncbi.nlm.nih.gov/38787441/; https://pubmed.ncbi.nlm.nih.gov/29862871/; https://pubmed.ncbi.nlm.nih.gov/36943434/; https://pubmed.ncbi.nlm.nih.gov/34971480/; https://dailymed.nlm.nih.gov/dailymed/lookup.cfm?setid=fdcaaa56-a27d-5bd9-e053-6294a90a1160&version=3; https://pubmed.ncbi.nlm.nih.gov/32356369/,"Peels, maintenance studies, labels, and acne reviews show that these lanes can be clinically useful but can also add keratolysis, sting, or pigmentary irritation. A different session is the conservative starting point for separate products."
P201,pha,PHA leave-on,sulfur,Sulfur / sulfacetamide-sulfur,caution,different-session,Exfoliant plus treatment-load caution,s42; s43; s44; s45; s49; s54,https://pubmed.ncbi.nlm.nih.gov/38787441/; https://pubmed.ncbi.nlm.nih.gov/29862871/; https://pubmed.ncbi.nlm.nih.gov/36943434/; https://pubmed.ncbi.nlm.nih.gov/34971480/; https://dailymed.nlm.nih.gov/dailymed/lookup.cfm?setid=fdcaaa56-a27d-5bd9-e053-6294a90a1160&version=3; https://pubmed.ncbi.nlm.nih.gov/32356369/,"Peels, maintenance studies, labels, and acne reviews show that these lanes can be clinically useful but can also add keratolysis, sting, or pigmentary irritation. A different session is the conservative starting point for separate products."
P202,pha,PHA leave-on,hocl,Finished hypochlorous-acid spray,caution,different-session,Exfoliant plus treatment-load caution,s42; s43; s44; s45; s49; s54,https://pubmed.ncbi.nlm.nih.gov/38787441/; https://pubmed.ncbi.nlm.nih.gov/29862871/; https://pubmed.ncbi.nlm.nih.gov/36943434/; https://pubmed.ncbi.nlm.nih.gov/34971480/; https://dailymed.nlm.nih.gov/dailymed/lookup.cfm?setid=fdcaaa56-a27d-5bd9-e053-6294a90a1160&version=3; https://pubmed.ncbi.nlm.nih.gov/32356369/,"Peels, maintenance studies, labels, and acne reviews show that these lanes can be clinically useful but can also add keratolysis, sting, or pigmentary irritation. A different session is the conservative starting point for separate products."
P203,pha,PHA leave-on,hydroquinone,Hydroquinone course,caution,different-session,Exfoliant plus treatment-load caution,s42; s43; s44; s45; s49; s54,https://pubmed.ncbi.nlm.nih.gov/38787441/; https://pubmed.ncbi.nlm.nih.gov/29862871/; https://pubmed.ncbi.nlm.nih.gov/36943434/; https://pubmed.ncbi.nlm.nih.gov/34971480/; https://dailymed.nlm.nih.gov/dailymed/lookup.cfm?setid=fdcaaa56-a27d-5bd9-e053-6294a90a1160&version=3; https://pubmed.ncbi.nlm.nih.gov/32356369/,"Peels, maintenance studies, labels, and acne reviews show that these lanes can be clinically useful but can also add keratolysis, sting, or pigmentary irritation. A different session is the conservative starting point for separate products."
P204,pha,PHA leave-on,triple_combo,Prescription triple-combination cream,caution,different-session,Additive irritation load,,,"No direct cancellation rule was found, but placing two higher-load treatments together can make redness, dryness, or PIH more likely and harder to attribute."
P205,pha,PHA leave-on,txa,Topical tranexamic acid,caution,different-session,Exfoliant plus treatment-load caution,s42; s43; s44; s45; s49; s54,https://pubmed.ncbi.nlm.nih.gov/38787441/; https://pubmed.ncbi.nlm.nih.gov/29862871/; https://pubmed.ncbi.nlm.nih.gov/36943434/; https://pubmed.ncbi.nlm.nih.gov/34971480/; https://dailymed.nlm.nih.gov/dailymed/lookup.cfm?setid=fdcaaa56-a27d-5bd9-e053-6294a90a1160&version=3; https://pubmed.ncbi.nlm.nih.gov/32356369/,"Peels, maintenance studies, labels, and acne reviews show that these lanes can be clinically useful but can also add keratolysis, sting, or pigmentary irritation. A different session is the conservative starting point for separate products."
P206,pha,PHA leave-on,cysteamine,Topical cysteamine,caution,different-session,Exfoliant plus treatment-load caution,s42; s43; s44; s45; s49; s54,https://pubmed.ncbi.nlm.nih.gov/38787441/; https://pubmed.ncbi.nlm.nih.gov/29862871/; https://pubmed.ncbi.nlm.nih.gov/36943434/; https://pubmed.ncbi.nlm.nih.gov/34971480/; https://dailymed.nlm.nih.gov/dailymed/lookup.cfm?setid=fdcaaa56-a27d-5bd9-e053-6294a90a1160&version=3; https://pubmed.ncbi.nlm.nih.gov/32356369/,"Peels, maintenance studies, labels, and acne reviews show that these lanes can be clinically useful but can also add keratolysis, sting, or pigmentary irritation. A different session is the conservative starting point for separate products."
P207,pha,PHA leave-on,other_pigment,Other pigment serum,caution,different-session,Exfoliant plus treatment-load caution,s42; s43; s44; s45; s49; s54,https://pubmed.ncbi.nlm.nih.gov/38787441/; https://pubmed.ncbi.nlm.nih.gov/29862871/; https://pubmed.ncbi.nlm.nih.gov/36943434/; https://pubmed.ncbi.nlm.nih.gov/34971480/; https://dailymed.nlm.nih.gov/dailymed/lookup.cfm?setid=fdcaaa56-a27d-5bd9-e053-6294a90a1160&version=3; https://pubmed.ncbi.nlm.nih.gov/32356369/,"Peels, maintenance studies, labels, and acne reviews show that these lanes can be clinically useful but can also add keratolysis, sting, or pigmentary irritation. A different session is the conservative starting point for separate products."
P208,pha,PHA leave-on,peptide,Non-copper peptide serum,compatible,exact formula check,Peptide/exfoliant co-formulations exist,s35; s55,https://pubmed.ncbi.nlm.nih.gov/32869963/; https://pubmed.ncbi.nlm.nih.gov/41668671/,"A finished gel combined retinoid, peptide, salicylic acid, glycolic acid, and niacinamide, and a PHA/peptide/niacinamide formula has been studied. This supports designed formulations, not unrestricted layering of separate acids."
P209,pha,PHA leave-on,copper_peptide,Copper peptide serum,caution,different-session,Exfoliant plus copper-peptide formulation/tolerance caution,s16; s57; s65,https://pubmed.ncbi.nlm.nih.gov/25384620/; https://pmc.ncbi.nlm.nih.gov/articles/PMC11830136/; https://pmc.ncbi.nlm.nih.gov/articles/PMC3047947/,"GHK-Cu has been characterized across selected pH buffers, but leave-on acids vary in pH and free-acid load and can sting. No direct pair trial was located; separate new products while checking the finished formulas."
P210,enzyme,Enzyme exfoliant / scrub,urea,Urea 10–20% for rough body skin,caution,different-session,Exfoliant and treatment-load caution,s15; s42; s54,https://pubmed.ncbi.nlm.nih.gov/29104718/; https://pubmed.ncbi.nlm.nih.gov/38787441/; https://pubmed.ncbi.nlm.nih.gov/32356369/,Enzyme or scrub intensity varies substantially by formula and contact time. No universal pair-specific reaction was located; spacing prevents a rinse-off/mechanical step from becoming an untracked irritation multiplier.
P211,enzyme,Enzyme exfoliant / scrub,bpo,Benzoyl peroxide,caution,different-session,Acne combinations can raise irritation load,s1; s10,https://pubmed.ncbi.nlm.nih.gov/38300170/; https://dailymed.nlm.nih.gov/dailymed/downloadpdffile.cfm?setId=cabba2c1-cf07-46aa-a2c3-1b815517b16b,"This is not a blanket chemical cancellation. Multiple drying or keratolytic treatments in one session can raise redness, scaling, and sting; use the treatment plan and product labels."
P212,enzyme,Enzyme exfoliant / scrub,azelaic,Azelaic acid,caution,different-session,Exfoliant and treatment-load caution,s15; s42; s54,https://pubmed.ncbi.nlm.nih.gov/29104718/; https://pubmed.ncbi.nlm.nih.gov/38787441/; https://pubmed.ncbi.nlm.nih.gov/32356369/,Enzyme or scrub intensity varies substantially by formula and contact time. No universal pair-specific reaction was located; spacing prevents a rinse-off/mechanical step from becoming an untracked irritation multiplier.
P213,enzyme,Enzyme exfoliant / scrub,dapsone,Topical dapsone,caution,different-session,Exfoliant and treatment-load caution,s15; s42; s54,https://pubmed.ncbi.nlm.nih.gov/29104718/; https://pubmed.ncbi.nlm.nih.gov/38787441/; https://pubmed.ncbi.nlm.nih.gov/32356369/,Enzyme or scrub intensity varies substantially by formula and contact time. No universal pair-specific reaction was located; spacing prevents a rinse-off/mechanical step from becoming an untracked irritation multiplier.
P214,enzyme,Enzyme exfoliant / scrub,sulfur,Sulfur / sulfacetamide-sulfur,caution,different-session,Additive irritation load,,,"No direct cancellation rule was found, but placing two higher-load treatments together can make redness, dryness, or PIH more likely and harder to attribute."
P215,enzyme,Enzyme exfoliant / scrub,hocl,Finished hypochlorous-acid spray,caution,different-session,Exfoliant and treatment-load caution,s15; s42; s54,https://pubmed.ncbi.nlm.nih.gov/29104718/; https://pubmed.ncbi.nlm.nih.gov/38787441/; https://pubmed.ncbi.nlm.nih.gov/32356369/,Enzyme or scrub intensity varies substantially by formula and contact time. No universal pair-specific reaction was located; spacing prevents a rinse-off/mechanical step from becoming an untracked irritation multiplier.
P216,enzyme,Enzyme exfoliant / scrub,hydroquinone,Hydroquinone course,caution,different-session,Additive irritation load,,,"No direct cancellation rule was found, but placing two higher-load treatments together can make redness, dryness, or PIH more likely and harder to attribute."
P217,enzyme,Enzyme exfoliant / scrub,triple_combo,Prescription triple-combination cream,caution,different-session,Additive irritation load,,,"No direct cancellation rule was found, but placing two higher-load treatments together can make redness, dryness, or PIH more likely and harder to attribute."
P218,enzyme,Enzyme exfoliant / scrub,txa,Topical tranexamic acid,caution,different-session,Exfoliant and treatment-load caution,s15; s42; s54,https://pubmed.ncbi.nlm.nih.gov/29104718/; https://pubmed.ncbi.nlm.nih.gov/38787441/; https://pubmed.ncbi.nlm.nih.gov/32356369/,Enzyme or scrub intensity varies substantially by formula and contact time. No universal pair-specific reaction was located; spacing prevents a rinse-off/mechanical step from becoming an untracked irritation multiplier.
P219,enzyme,Enzyme exfoliant / scrub,cysteamine,Topical cysteamine,caution,different-session,Additive irritation load,,,"No direct cancellation rule was found, but placing two higher-load treatments together can make redness, dryness, or PIH more likely and harder to attribute."
P220,enzyme,Enzyme exfoliant / scrub,other_pigment,Other pigment serum,caution,different-session,Exfoliant and treatment-load caution,s15; s42; s54,https://pubmed.ncbi.nlm.nih.gov/29104718/; https://pubmed.ncbi.nlm.nih.gov/38787441/; https://pubmed.ncbi.nlm.nih.gov/32356369/,Enzyme or scrub intensity varies substantially by formula and contact time. No universal pair-specific reaction was located; spacing prevents a rinse-off/mechanical step from becoming an untracked irritation multiplier.
P221,enzyme,Enzyme exfoliant / scrub,peptide,Non-copper peptide serum,caution,different-session,Exfoliant and treatment-load caution,s15; s42; s54,https://pubmed.ncbi.nlm.nih.gov/29104718/; https://pubmed.ncbi.nlm.nih.gov/38787441/; https://pubmed.ncbi.nlm.nih.gov/32356369/,Enzyme or scrub intensity varies substantially by formula and contact time. No universal pair-specific reaction was located; spacing prevents a rinse-off/mechanical step from becoming an untracked irritation multiplier.
P222,enzyme,Enzyme exfoliant / scrub,copper_peptide,Copper peptide serum,caution,different-session,Exfoliant plus copper-peptide formulation/tolerance caution,s16; s57; s65,https://pubmed.ncbi.nlm.nih.gov/25384620/; https://pmc.ncbi.nlm.nih.gov/articles/PMC11830136/; https://pmc.ncbi.nlm.nih.gov/articles/PMC3047947/,"GHK-Cu has been characterized across selected pH buffers, but leave-on acids vary in pH and free-acid load and can sting. No direct pair trial was located; separate new products while checking the finished formulas."
P223,urea,Urea 10–20% for rough body skin,bpo,Benzoyl peroxide,caution,different-session,Keratolytic plus active-load caution,s44; s45; s46; s47; s48; s49,https://pubmed.ncbi.nlm.nih.gov/36943434/; https://pubmed.ncbi.nlm.nih.gov/34971480/; https://pubmed.ncbi.nlm.nih.gov/7488393/; https://pubmed.ncbi.nlm.nih.gov/34619676/; https://dailymed.nlm.nih.gov/dailymed/drugInfo.cfm?setid=4e4e4b81-420e-4492-8a74-80b692a80057; https://dailymed.nlm.nih.gov/dailymed/lookup.cfm?setid=fdcaaa56-a27d-5bd9-e053-6294a90a1160&version=3,Urea supports hydration and can be keratolytic at higher concentrations; the accompanying acne and pigment actives have their own irritation or label limits. Separate body-texture treatment from stronger leave-ons while testing tolerance.
P224,urea,Urea 10–20% for rough body skin,azelaic,Azelaic acid,caution,different-session,Keratolytic plus active-load caution,s44; s45; s46; s47; s48; s49,https://pubmed.ncbi.nlm.nih.gov/36943434/; https://pubmed.ncbi.nlm.nih.gov/34971480/; https://pubmed.ncbi.nlm.nih.gov/7488393/; https://pubmed.ncbi.nlm.nih.gov/34619676/; https://dailymed.nlm.nih.gov/dailymed/drugInfo.cfm?setid=4e4e4b81-420e-4492-8a74-80b692a80057; https://dailymed.nlm.nih.gov/dailymed/lookup.cfm?setid=fdcaaa56-a27d-5bd9-e053-6294a90a1160&version=3,Urea supports hydration and can be keratolytic at higher concentrations; the accompanying acne and pigment actives have their own irritation or label limits. Separate body-texture treatment from stronger leave-ons while testing tolerance.
P225,urea,Urea 10–20% for rough body skin,dapsone,Topical dapsone,caution,different-session,Keratolytic plus active-load caution,s44; s45; s46; s47; s48; s49,https://pubmed.ncbi.nlm.nih.gov/36943434/; https://pubmed.ncbi.nlm.nih.gov/34971480/; https://pubmed.ncbi.nlm.nih.gov/7488393/; https://pubmed.ncbi.nlm.nih.gov/34619676/; https://dailymed.nlm.nih.gov/dailymed/drugInfo.cfm?setid=4e4e4b81-420e-4492-8a74-80b692a80057; https://dailymed.nlm.nih.gov/dailymed/lookup.cfm?setid=fdcaaa56-a27d-5bd9-e053-6294a90a1160&version=3,Urea supports hydration and can be keratolytic at higher concentrations; the accompanying acne and pigment actives have their own irritation or label limits. Separate body-texture treatment from stronger leave-ons while testing tolerance.
P226,urea,Urea 10–20% for rough body skin,sulfur,Sulfur / sulfacetamide-sulfur,caution,different-session,Keratolytic plus active-load caution,s44; s45; s46; s47; s48; s49,https://pubmed.ncbi.nlm.nih.gov/36943434/; https://pubmed.ncbi.nlm.nih.gov/34971480/; https://pubmed.ncbi.nlm.nih.gov/7488393/; https://pubmed.ncbi.nlm.nih.gov/34619676/; https://dailymed.nlm.nih.gov/dailymed/drugInfo.cfm?setid=4e4e4b81-420e-4492-8a74-80b692a80057; https://dailymed.nlm.nih.gov/dailymed/lookup.cfm?setid=fdcaaa56-a27d-5bd9-e053-6294a90a1160&version=3,Urea supports hydration and can be keratolytic at higher concentrations; the accompanying acne and pigment actives have their own irritation or label limits. Separate body-texture treatment from stronger leave-ons while testing tolerance.
P227,urea,Urea 10–20% for rough body skin,hocl,Finished hypochlorous-acid spray,caution,different-session,Keratolytic plus active-load caution,s44; s45; s46; s47; s48; s49,https://pubmed.ncbi.nlm.nih.gov/36943434/; https://pubmed.ncbi.nlm.nih.gov/34971480/; https://pubmed.ncbi.nlm.nih.gov/7488393/; https://pubmed.ncbi.nlm.nih.gov/34619676/; https://dailymed.nlm.nih.gov/dailymed/drugInfo.cfm?setid=4e4e4b81-420e-4492-8a74-80b692a80057; https://dailymed.nlm.nih.gov/dailymed/lookup.cfm?setid=fdcaaa56-a27d-5bd9-e053-6294a90a1160&version=3,Urea supports hydration and can be keratolytic at higher concentrations; the accompanying acne and pigment actives have their own irritation or label limits. Separate body-texture treatment from stronger leave-ons while testing tolerance.
P228,urea,Urea 10–20% for rough body skin,hydroquinone,Hydroquinone course,caution,different-session,Keratolytic plus active-load caution,s44; s45; s46; s47; s48; s49,https://pubmed.ncbi.nlm.nih.gov/36943434/; https://pubmed.ncbi.nlm.nih.gov/34971480/; https://pubmed.ncbi.nlm.nih.gov/7488393/; https://pubmed.ncbi.nlm.nih.gov/34619676/; https://dailymed.nlm.nih.gov/dailymed/drugInfo.cfm?setid=4e4e4b81-420e-4492-8a74-80b692a80057; https://dailymed.nlm.nih.gov/dailymed/lookup.cfm?setid=fdcaaa56-a27d-5bd9-e053-6294a90a1160&version=3,Urea supports hydration and can be keratolytic at higher concentrations; the accompanying acne and pigment actives have their own irritation or label limits. Separate body-texture treatment from stronger leave-ons while testing tolerance.
P229,urea,Urea 10–20% for rough body skin,triple_combo,Prescription triple-combination cream,caution,different-session,Additive irritation load,,,"No direct cancellation rule was found, but placing two higher-load treatments together can make redness, dryness, or PIH more likely and harder to attribute."
P230,urea,Urea 10–20% for rough body skin,txa,Topical tranexamic acid,caution,different-session,Keratolytic plus active-load caution,s44; s45; s46; s47; s48; s49,https://pubmed.ncbi.nlm.nih.gov/36943434/; https://pubmed.ncbi.nlm.nih.gov/34971480/; https://pubmed.ncbi.nlm.nih.gov/7488393/; https://pubmed.ncbi.nlm.nih.gov/34619676/; https://dailymed.nlm.nih.gov/dailymed/drugInfo.cfm?setid=4e4e4b81-420e-4492-8a74-80b692a80057; https://dailymed.nlm.nih.gov/dailymed/lookup.cfm?setid=fdcaaa56-a27d-5bd9-e053-6294a90a1160&version=3,Urea supports hydration and can be keratolytic at higher concentrations; the accompanying acne and pigment actives have their own irritation or label limits. Separate body-texture treatment from stronger leave-ons while testing tolerance.
P231,urea,Urea 10–20% for rough body skin,cysteamine,Topical cysteamine,caution,different-session,Keratolytic plus active-load caution,s44; s45; s46; s47; s48; s49,https://pubmed.ncbi.nlm.nih.gov/36943434/; https://pubmed.ncbi.nlm.nih.gov/34971480/; https://pubmed.ncbi.nlm.nih.gov/7488393/; https://pubmed.ncbi.nlm.nih.gov/34619676/; https://dailymed.nlm.nih.gov/dailymed/drugInfo.cfm?setid=4e4e4b81-420e-4492-8a74-80b692a80057; https://dailymed.nlm.nih.gov/dailymed/lookup.cfm?setid=fdcaaa56-a27d-5bd9-e053-6294a90a1160&version=3,Urea supports hydration and can be keratolytic at higher concentrations; the accompanying acne and pigment actives have their own irritation or label limits. Separate body-texture treatment from stronger leave-ons while testing tolerance.
P232,urea,Urea 10–20% for rough body skin,other_pigment,Other pigment serum,caution,different-session,Keratolytic plus active-load caution,s44; s45; s46; s47; s48; s49,https://pubmed.ncbi.nlm.nih.gov/36943434/; https://pubmed.ncbi.nlm.nih.gov/34971480/; https://pubmed.ncbi.nlm.nih.gov/7488393/; https://pubmed.ncbi.nlm.nih.gov/34619676/; https://dailymed.nlm.nih.gov/dailymed/drugInfo.cfm?setid=4e4e4b81-420e-4492-8a74-80b692a80057; https://dailymed.nlm.nih.gov/dailymed/lookup.cfm?setid=fdcaaa56-a27d-5bd9-e053-6294a90a1160&version=3,Urea supports hydration and can be keratolytic at higher concentrations; the accompanying acne and pigment actives have their own irritation or label limits. Separate body-texture treatment from stronger leave-ons while testing tolerance.
P233,urea,Urea 10–20% for rough body skin,peptide,Non-copper peptide serum,unknown,different-session,Urea/peptide evidence gap,s33; s47,https://pubmed.ncbi.nlm.nih.gov/37584260/; https://pubmed.ncbi.nlm.nih.gov/34619676/,"Urea barrier formulas and peptide formulas are each studied, but no direct sequential-use evidence for this pair was located. Separate new products while checking the exact vehicle and site."
P234,urea,Urea 10–20% for rough body skin,copper_peptide,Copper peptide serum,compatible,exact formula check,Co-formulated in a scalp-active vehicle,s64,https://kovehair.com/ingredients,"A current scalp formula lists copper tripeptide-1 with azelaic acid and urea. This supports only that exact type of vehicle and route; concentrations, site, and independent leave-on products still matter."
P235,bpo,Benzoyl peroxide,azelaic,Azelaic acid,caution,different-session,Acne combinations can raise irritation load,s1; s10,https://pubmed.ncbi.nlm.nih.gov/38300170/; https://dailymed.nlm.nih.gov/dailymed/downloadpdffile.cfm?setId=cabba2c1-cf07-46aa-a2c3-1b815517b16b,"This is not a blanket chemical cancellation. Multiple drying or keratolytic treatments in one session can raise redness, scaling, and sting; use the treatment plan and product labels."
P236,bpo,Benzoyl peroxide,dapsone,Topical dapsone,separate,different-session,Temporary yellow/orange discoloration,s5,source_docs/DailyMed_dapsone_gel_label_2026-08-23.pdf,The dapsone label reports temporary yellow/orange skin or facial-hair discoloration when topical dapsone is followed by benzoyl peroxide. Different sessions avoid the same-use reaction.
P237,bpo,Benzoyl peroxide,sulfur,Sulfur / sulfacetamide-sulfur,caution,different-session,Acne combinations can raise irritation load,s1; s10,https://pubmed.ncbi.nlm.nih.gov/38300170/; https://dailymed.nlm.nih.gov/dailymed/downloadpdffile.cfm?setId=cabba2c1-cf07-46aa-a2c3-1b815517b16b,"This is not a blanket chemical cancellation. Multiple drying or keratolytic treatments in one session can raise redness, scaling, and sting; use the treatment plan and product labels."
P238,bpo,Benzoyl peroxide,hocl,Finished hypochlorous-acid spray,separate,different-session,Two oxidant product lanes,s10; s50; s51; s52,https://dailymed.nlm.nih.gov/dailymed/downloadpdffile.cfm?setId=cabba2c1-cf07-46aa-a2c3-1b815517b16b; https://pmc.ncbi.nlm.nih.gov/articles/PMC6303114/; https://pmc.ncbi.nlm.nih.gov/articles/PMC12730738/; https://pubmed.ncbi.nlm.nih.gov/18161634/,Benzoyl peroxide is an oxidant and HOCl chemistry is formulation- and pH-sensitive. Direct human sequential-layering evidence was not located; avoid same-session contact and follow both finished-product labels.
P239,bpo,Benzoyl peroxide,hydroquinone,Hydroquinone course,separate,different-session,Oxidant + hydroquinone uncertainty,s14,https://pdf.hres.ca/dpd_pm/00052770.PDF,Benzoyl peroxide can oxidize hydroquinone and cause temporary staining; hypochlorous acid is also an oxidant but lacks direct routine trials. Do not layer or premix these pairs.
P240,bpo,Benzoyl peroxide,triple_combo,Prescription triple-combination cream,separate,different-session,Protect the prescription combination,s6; s14,source_docs/DailyMed_TriLuma_label_2026-08-23.pdf; https://pdf.hres.ca/dpd_pm/00052770.PDF,The triple-combination product contains hydroquinone and tretinoin. Keep oxidants out of the same session unless the prescriber directs otherwise.
P241,bpo,Benzoyl peroxide,txa,Topical tranexamic acid,caution,different-session,Acne oxidant plus adjunct lane,s1; s21; s54,https://pubmed.ncbi.nlm.nih.gov/38300170/; https://pubmed.ncbi.nlm.nih.gov/41315336/; https://pubmed.ncbi.nlm.nih.gov/32356369/,"These lanes may coexist in a broader acne or pigment plan, but a separate session avoids crowding an oxidant with another active while tolerance and exact formula are established."
P242,bpo,Benzoyl peroxide,cysteamine,Topical cysteamine,caution,different-session,Additive irritation load,,,"No direct cancellation rule was found, but placing two higher-load treatments together can make redness, dryness, or PIH more likely and harder to attribute."
P243,bpo,Benzoyl peroxide,other_pigment,Other pigment serum,caution,different-session,Acne oxidant plus adjunct lane,s1; s21; s54,https://pubmed.ncbi.nlm.nih.gov/38300170/; https://pubmed.ncbi.nlm.nih.gov/41315336/; https://pubmed.ncbi.nlm.nih.gov/32356369/,"These lanes may coexist in a broader acne or pigment plan, but a separate session avoids crowding an oxidant with another active while tolerance and exact formula are established."
P244,bpo,Benzoyl peroxide,peptide,Non-copper peptide serum,caution,different-session,Acne oxidant plus adjunct lane,s1; s21; s54,https://pubmed.ncbi.nlm.nih.gov/38300170/; https://pubmed.ncbi.nlm.nih.gov/41315336/; https://pubmed.ncbi.nlm.nih.gov/32356369/,"These lanes may coexist in a broader acne or pigment plan, but a separate session avoids crowding an oxidant with another active while tolerance and exact formula are established."
P245,bpo,Benzoyl peroxide,copper_peptide,Copper peptide serum,separate,different-session,Oxidant separation for copper-peptide formula certainty,s16; s50; s51; s52; s57,https://pubmed.ncbi.nlm.nih.gov/25384620/; https://pmc.ncbi.nlm.nih.gov/articles/PMC6303114/; https://pmc.ncbi.nlm.nih.gov/articles/PMC12730738/; https://pubmed.ncbi.nlm.nih.gov/18161634/; https://pmc.ncbi.nlm.nih.gov/articles/PMC11830136/,"GHK-Cu is susceptible to oxidative stress in preformulation work, while benzoyl peroxide and HOCl are oxidant/formulation-sensitive lanes. No human skin-layering reaction was established; separate finished products and do not premix."
P246,azelaic,Azelaic acid,dapsone,Topical dapsone,caution,different-session,Azelaic plus another treatment lane,s27; s42; s49; s53; s54,https://pubmed.ncbi.nlm.nih.gov/37213446/; https://pubmed.ncbi.nlm.nih.gov/38787441/; https://dailymed.nlm.nih.gov/dailymed/lookup.cfm?setid=fdcaaa56-a27d-5bd9-e053-6294a90a1160&version=3; https://dailymed.nlm.nih.gov/dailymed/fda/fdaDrugXsl.cfm?setid=d4e9e95d-1ebd-44df-a91e-59819715659c; https://pubmed.ncbi.nlm.nih.gov/32356369/,"Azelaic acid has acne/rosacea/pigment evidence, while the paired lanes have separate labels or treatment protocols. Combined routines exist, but direct independent-layering evidence is sparse and irritation is the practical limiter."
P247,azelaic,Azelaic acid,sulfur,Sulfur / sulfacetamide-sulfur,caution,different-session,Azelaic plus another treatment lane,s27; s42; s49; s53; s54,https://pubmed.ncbi.nlm.nih.gov/37213446/; https://pubmed.ncbi.nlm.nih.gov/38787441/; https://dailymed.nlm.nih.gov/dailymed/lookup.cfm?setid=fdcaaa56-a27d-5bd9-e053-6294a90a1160&version=3; https://dailymed.nlm.nih.gov/dailymed/fda/fdaDrugXsl.cfm?setid=d4e9e95d-1ebd-44df-a91e-59819715659c; https://pubmed.ncbi.nlm.nih.gov/32356369/,"Azelaic acid has acne/rosacea/pigment evidence, while the paired lanes have separate labels or treatment protocols. Combined routines exist, but direct independent-layering evidence is sparse and irritation is the practical limiter."
P248,azelaic,Azelaic acid,hocl,Finished hypochlorous-acid spray,caution,different-session,Azelaic plus another treatment lane,s27; s42; s49; s53; s54,https://pubmed.ncbi.nlm.nih.gov/37213446/; https://pubmed.ncbi.nlm.nih.gov/38787441/; https://dailymed.nlm.nih.gov/dailymed/lookup.cfm?setid=fdcaaa56-a27d-5bd9-e053-6294a90a1160&version=3; https://dailymed.nlm.nih.gov/dailymed/fda/fdaDrugXsl.cfm?setid=d4e9e95d-1ebd-44df-a91e-59819715659c; https://pubmed.ncbi.nlm.nih.gov/32356369/,"Azelaic acid has acne/rosacea/pigment evidence, while the paired lanes have separate labels or treatment protocols. Combined routines exist, but direct independent-layering evidence is sparse and irritation is the practical limiter."
P249,azelaic,Azelaic acid,hydroquinone,Hydroquinone course,caution,different-session,Azelaic plus another treatment lane,s27; s42; s49; s53; s54,https://pubmed.ncbi.nlm.nih.gov/37213446/; https://pubmed.ncbi.nlm.nih.gov/38787441/; https://dailymed.nlm.nih.gov/dailymed/lookup.cfm?setid=fdcaaa56-a27d-5bd9-e053-6294a90a1160&version=3; https://dailymed.nlm.nih.gov/dailymed/fda/fdaDrugXsl.cfm?setid=d4e9e95d-1ebd-44df-a91e-59819715659c; https://pubmed.ncbi.nlm.nih.gov/32356369/,"Azelaic acid has acne/rosacea/pigment evidence, while the paired lanes have separate labels or treatment protocols. Combined routines exist, but direct independent-layering evidence is sparse and irritation is the practical limiter."
P250,azelaic,Azelaic acid,triple_combo,Prescription triple-combination cream,caution,different-session,Additive irritation load,,,"No direct cancellation rule was found, but placing two higher-load treatments together can make redness, dryness, or PIH more likely and harder to attribute."
P251,azelaic,Azelaic acid,txa,Topical tranexamic acid,caution,different-session,Azelaic plus another treatment lane,s27; s42; s49; s53; s54,https://pubmed.ncbi.nlm.nih.gov/37213446/; https://pubmed.ncbi.nlm.nih.gov/38787441/; https://dailymed.nlm.nih.gov/dailymed/lookup.cfm?setid=fdcaaa56-a27d-5bd9-e053-6294a90a1160&version=3; https://dailymed.nlm.nih.gov/dailymed/fda/fdaDrugXsl.cfm?setid=d4e9e95d-1ebd-44df-a91e-59819715659c; https://pubmed.ncbi.nlm.nih.gov/32356369/,"Azelaic acid has acne/rosacea/pigment evidence, while the paired lanes have separate labels or treatment protocols. Combined routines exist, but direct independent-layering evidence is sparse and irritation is the practical limiter."
P252,azelaic,Azelaic acid,cysteamine,Topical cysteamine,caution,different-session,Azelaic plus another treatment lane,s27; s42; s49; s53; s54,https://pubmed.ncbi.nlm.nih.gov/37213446/; https://pubmed.ncbi.nlm.nih.gov/38787441/; https://dailymed.nlm.nih.gov/dailymed/lookup.cfm?setid=fdcaaa56-a27d-5bd9-e053-6294a90a1160&version=3; https://dailymed.nlm.nih.gov/dailymed/fda/fdaDrugXsl.cfm?setid=d4e9e95d-1ebd-44df-a91e-59819715659c; https://pubmed.ncbi.nlm.nih.gov/32356369/,"Azelaic acid has acne/rosacea/pigment evidence, while the paired lanes have separate labels or treatment protocols. Combined routines exist, but direct independent-layering evidence is sparse and irritation is the practical limiter."
P253,azelaic,Azelaic acid,other_pigment,Other pigment serum,caution,different-session,Azelaic plus another treatment lane,s27; s42; s49; s53; s54,https://pubmed.ncbi.nlm.nih.gov/37213446/; https://pubmed.ncbi.nlm.nih.gov/38787441/; https://dailymed.nlm.nih.gov/dailymed/lookup.cfm?setid=fdcaaa56-a27d-5bd9-e053-6294a90a1160&version=3; https://dailymed.nlm.nih.gov/dailymed/fda/fdaDrugXsl.cfm?setid=d4e9e95d-1ebd-44df-a91e-59819715659c; https://pubmed.ncbi.nlm.nih.gov/32356369/,"Azelaic acid has acne/rosacea/pigment evidence, while the paired lanes have separate labels or treatment protocols. Combined routines exist, but direct independent-layering evidence is sparse and irritation is the practical limiter."
P254,azelaic,Azelaic acid,peptide,Non-copper peptide serum,caution,different-session,Azelaic plus another treatment lane,s27; s42; s49; s53; s54,https://pubmed.ncbi.nlm.nih.gov/37213446/; https://pubmed.ncbi.nlm.nih.gov/38787441/; https://dailymed.nlm.nih.gov/dailymed/lookup.cfm?setid=fdcaaa56-a27d-5bd9-e053-6294a90a1160&version=3; https://dailymed.nlm.nih.gov/dailymed/fda/fdaDrugXsl.cfm?setid=d4e9e95d-1ebd-44df-a91e-59819715659c; https://pubmed.ncbi.nlm.nih.gov/32356369/,"Azelaic acid has acne/rosacea/pigment evidence, while the paired lanes have separate labels or treatment protocols. Combined routines exist, but direct independent-layering evidence is sparse and irritation is the practical limiter."
P255,azelaic,Azelaic acid,copper_peptide,Copper peptide serum,compatible,exact formula check,Co-formulated in a scalp-active vehicle,s64,https://kovehair.com/ingredients,"A current scalp formula lists copper tripeptide-1 with azelaic acid and urea. This supports only that exact type of vehicle and route; concentrations, site, and independent leave-on products still matter."
P256,dapsone,Topical dapsone,sulfur,Sulfur / sulfacetamide-sulfur,caution,different-session,Prescription acne plus adjunct lane,s5; s21; s29; s49; s54,source_docs/DailyMed_dapsone_gel_label_2026-08-23.pdf; https://pubmed.ncbi.nlm.nih.gov/41315336/; https://pubmed.ncbi.nlm.nih.gov/32585079/; https://dailymed.nlm.nih.gov/dailymed/lookup.cfm?setid=fdcaaa56-a27d-5bd9-e053-6294a90a1160&version=3; https://pubmed.ncbi.nlm.nih.gov/32356369/,"Dapsone has a specific peroxide discoloration warning, but not a complete pairwise clearance map for every adjunct. Separate the prescription from another active while checking the exact label and response."
P257,dapsone,Topical dapsone,hocl,Finished hypochlorous-acid spray,caution,different-session,Prescription acne plus adjunct lane,s5; s21; s29; s49; s54,source_docs/DailyMed_dapsone_gel_label_2026-08-23.pdf; https://pubmed.ncbi.nlm.nih.gov/41315336/; https://pubmed.ncbi.nlm.nih.gov/32585079/; https://dailymed.nlm.nih.gov/dailymed/lookup.cfm?setid=fdcaaa56-a27d-5bd9-e053-6294a90a1160&version=3; https://pubmed.ncbi.nlm.nih.gov/32356369/,"Dapsone has a specific peroxide discoloration warning, but not a complete pairwise clearance map for every adjunct. Separate the prescription from another active while checking the exact label and response."
P258,dapsone,Topical dapsone,hydroquinone,Hydroquinone course,caution,different-session,Prescription acne plus adjunct lane,s5; s21; s29; s49; s54,source_docs/DailyMed_dapsone_gel_label_2026-08-23.pdf; https://pubmed.ncbi.nlm.nih.gov/41315336/; https://pubmed.ncbi.nlm.nih.gov/32585079/; https://dailymed.nlm.nih.gov/dailymed/lookup.cfm?setid=fdcaaa56-a27d-5bd9-e053-6294a90a1160&version=3; https://pubmed.ncbi.nlm.nih.gov/32356369/,"Dapsone has a specific peroxide discoloration warning, but not a complete pairwise clearance map for every adjunct. Separate the prescription from another active while checking the exact label and response."
P259,dapsone,Topical dapsone,triple_combo,Prescription triple-combination cream,caution,different-session,Additive irritation load,,,"No direct cancellation rule was found, but placing two higher-load treatments together can make redness, dryness, or PIH more likely and harder to attribute."
P260,dapsone,Topical dapsone,txa,Topical tranexamic acid,caution,different-session,Prescription acne plus adjunct lane,s5; s21; s29; s49; s54,source_docs/DailyMed_dapsone_gel_label_2026-08-23.pdf; https://pubmed.ncbi.nlm.nih.gov/41315336/; https://pubmed.ncbi.nlm.nih.gov/32585079/; https://dailymed.nlm.nih.gov/dailymed/lookup.cfm?setid=fdcaaa56-a27d-5bd9-e053-6294a90a1160&version=3; https://pubmed.ncbi.nlm.nih.gov/32356369/,"Dapsone has a specific peroxide discoloration warning, but not a complete pairwise clearance map for every adjunct. Separate the prescription from another active while checking the exact label and response."
P261,dapsone,Topical dapsone,cysteamine,Topical cysteamine,caution,different-session,Prescription acne plus adjunct lane,s5; s21; s29; s49; s54,source_docs/DailyMed_dapsone_gel_label_2026-08-23.pdf; https://pubmed.ncbi.nlm.nih.gov/41315336/; https://pubmed.ncbi.nlm.nih.gov/32585079/; https://dailymed.nlm.nih.gov/dailymed/lookup.cfm?setid=fdcaaa56-a27d-5bd9-e053-6294a90a1160&version=3; https://pubmed.ncbi.nlm.nih.gov/32356369/,"Dapsone has a specific peroxide discoloration warning, but not a complete pairwise clearance map for every adjunct. Separate the prescription from another active while checking the exact label and response."
P262,dapsone,Topical dapsone,other_pigment,Other pigment serum,caution,different-session,Prescription acne plus adjunct lane,s5; s21; s29; s49; s54,source_docs/DailyMed_dapsone_gel_label_2026-08-23.pdf; https://pubmed.ncbi.nlm.nih.gov/41315336/; https://pubmed.ncbi.nlm.nih.gov/32585079/; https://dailymed.nlm.nih.gov/dailymed/lookup.cfm?setid=fdcaaa56-a27d-5bd9-e053-6294a90a1160&version=3; https://pubmed.ncbi.nlm.nih.gov/32356369/,"Dapsone has a specific peroxide discoloration warning, but not a complete pairwise clearance map for every adjunct. Separate the prescription from another active while checking the exact label and response."
P263,dapsone,Topical dapsone,peptide,Non-copper peptide serum,caution,different-session,Prescription acne plus adjunct lane,s5; s21; s29; s49; s54,source_docs/DailyMed_dapsone_gel_label_2026-08-23.pdf; https://pubmed.ncbi.nlm.nih.gov/41315336/; https://pubmed.ncbi.nlm.nih.gov/32585079/; https://dailymed.nlm.nih.gov/dailymed/lookup.cfm?setid=fdcaaa56-a27d-5bd9-e053-6294a90a1160&version=3; https://pubmed.ncbi.nlm.nih.gov/32356369/,"Dapsone has a specific peroxide discoloration warning, but not a complete pairwise clearance map for every adjunct. Separate the prescription from another active while checking the exact label and response."
P264,dapsone,Topical dapsone,copper_peptide,Copper peptide serum,caution,different-session,Prescription or high-load treatment plus copper peptide,s5; s6; s14; s29; s30; s31; s49,source_docs/DailyMed_dapsone_gel_label_2026-08-23.pdf; source_docs/DailyMed_TriLuma_label_2026-08-23.pdf; https://pdf.hres.ca/dpd_pm/00052770.PDF; https://pubmed.ncbi.nlm.nih.gov/32585079/; https://pubmed.ncbi.nlm.nih.gov/35510765/; https://pubmed.ncbi.nlm.nih.gov/38638185/; https://dailymed.nlm.nih.gov/dailymed/lookup.cfm?setid=fdcaaa56-a27d-5bd9-e053-6294a90a1160&version=3,"No direct chemical cancellation study was located. Prescription labels, defined pigment-course contact times, and active-load irritation make separate sessions the conservative starting category; this is not an avoid rule."
P265,sulfur,Sulfur / sulfacetamide-sulfur,hocl,Finished hypochlorous-acid spray,caution,different-session,Sulfur plus adjunct lane,s49,https://dailymed.nlm.nih.gov/dailymed/lookup.cfm?setid=fdcaaa56-a27d-5bd9-e053-6294a90a1160&version=3,The current sulfur label warns that concurrent topical acne medication can increase irritation and dryness. It does not establish a chemical incompatibility with every adjunct; spacing is a conservative tolerance control.
P266,sulfur,Sulfur / sulfacetamide-sulfur,hydroquinone,Hydroquinone course,caution,different-session,Additive irritation load,,,"No direct cancellation rule was found, but placing two higher-load treatments together can make redness, dryness, or PIH more likely and harder to attribute."
P267,sulfur,Sulfur / sulfacetamide-sulfur,triple_combo,Prescription triple-combination cream,caution,different-session,Additive irritation load,,,"No direct cancellation rule was found, but placing two higher-load treatments together can make redness, dryness, or PIH more likely and harder to attribute."
P268,sulfur,Sulfur / sulfacetamide-sulfur,txa,Topical tranexamic acid,caution,different-session,Sulfur plus adjunct lane,s49,https://dailymed.nlm.nih.gov/dailymed/lookup.cfm?setid=fdcaaa56-a27d-5bd9-e053-6294a90a1160&version=3,The current sulfur label warns that concurrent topical acne medication can increase irritation and dryness. It does not establish a chemical incompatibility with every adjunct; spacing is a conservative tolerance control.
P269,sulfur,Sulfur / sulfacetamide-sulfur,cysteamine,Topical cysteamine,caution,different-session,Additive irritation load,,,"No direct cancellation rule was found, but placing two higher-load treatments together can make redness, dryness, or PIH more likely and harder to attribute."
P270,sulfur,Sulfur / sulfacetamide-sulfur,other_pigment,Other pigment serum,caution,different-session,Sulfur plus adjunct lane,s49,https://dailymed.nlm.nih.gov/dailymed/lookup.cfm?setid=fdcaaa56-a27d-5bd9-e053-6294a90a1160&version=3,The current sulfur label warns that concurrent topical acne medication can increase irritation and dryness. It does not establish a chemical incompatibility with every adjunct; spacing is a conservative tolerance control.
P271,sulfur,Sulfur / sulfacetamide-sulfur,peptide,Non-copper peptide serum,caution,different-session,Sulfur plus adjunct lane,s49,https://dailymed.nlm.nih.gov/dailymed/lookup.cfm?setid=fdcaaa56-a27d-5bd9-e053-6294a90a1160&version=3,The current sulfur label warns that concurrent topical acne medication can increase irritation and dryness. It does not establish a chemical incompatibility with every adjunct; spacing is a conservative tolerance control.
P272,sulfur,Sulfur / sulfacetamide-sulfur,copper_peptide,Copper peptide serum,caution,different-session,Prescription or high-load treatment plus copper peptide,s5; s6; s14; s29; s30; s31; s49,source_docs/DailyMed_dapsone_gel_label_2026-08-23.pdf; source_docs/DailyMed_TriLuma_label_2026-08-23.pdf; https://pdf.hres.ca/dpd_pm/00052770.PDF; https://pubmed.ncbi.nlm.nih.gov/32585079/; https://pubmed.ncbi.nlm.nih.gov/35510765/; https://pubmed.ncbi.nlm.nih.gov/38638185/; https://dailymed.nlm.nih.gov/dailymed/lookup.cfm?setid=fdcaaa56-a27d-5bd9-e053-6294a90a1160&version=3,"No direct chemical cancellation study was located. Prescription labels, defined pigment-course contact times, and active-load irritation make separate sessions the conservative starting category; this is not an avoid rule."
P273,hocl,Finished hypochlorous-acid spray,hydroquinone,Hydroquinone course,separate,different-session,Oxidant + hydroquinone uncertainty,s14,https://pdf.hres.ca/dpd_pm/00052770.PDF,Benzoyl peroxide can oxidize hydroquinone and cause temporary staining; hypochlorous acid is also an oxidant but lacks direct routine trials. Do not layer or premix these pairs.
P274,hocl,Finished hypochlorous-acid spray,triple_combo,Prescription triple-combination cream,separate,different-session,Protect the prescription combination,s6; s14,source_docs/DailyMed_TriLuma_label_2026-08-23.pdf; https://pdf.hres.ca/dpd_pm/00052770.PDF,The triple-combination product contains hydroquinone and tretinoin. Keep oxidants out of the same session unless the prescriber directs otherwise.
P275,hocl,Finished hypochlorous-acid spray,txa,Topical tranexamic acid,unknown,different-session,HOCl adjunct evidence gap,s21; s36; s50; s51,https://pubmed.ncbi.nlm.nih.gov/41315336/; https://pubmed.ncbi.nlm.nih.gov/39768384/; https://pmc.ncbi.nlm.nih.gov/articles/PMC6303114/; https://pmc.ncbi.nlm.nih.gov/articles/PMC12730738/,"HOCl reviews emphasize formulation chemistry, but no direct human sequential-use evidence with topical TXA or a non-copper peptide was located. Keep the finished products separate until the exact formulas are known."
P276,hocl,Finished hypochlorous-acid spray,cysteamine,Topical cysteamine,separate,different-session,HOCl and thiol separation,s29; s50; s51,https://pubmed.ncbi.nlm.nih.gov/32585079/; https://pmc.ncbi.nlm.nih.gov/articles/PMC6303114/; https://pmc.ncbi.nlm.nih.gov/articles/PMC12730738/,"Cysteamine contains a reactive thiol and HOCl reviews describe reactivity with thiol/electron-donating groups. No human sequential-layering trial was located, so do not put the finished products in the same session."
P277,hocl,Finished hypochlorous-acid spray,other_pigment,Other pigment serum,caution,different-session,HOCl and pigment-formula uncertainty,s32; s51,https://pubmed.ncbi.nlm.nih.gov/39555866/; https://pmc.ncbi.nlm.nih.gov/articles/PMC12730738/,The updated HOCl review notes reactivity with phenolic and other electron-donating groups; “other pigment” is intentionally broad and its chemistry varies. Separate until the full formula is known.
P278,hocl,Finished hypochlorous-acid spray,peptide,Non-copper peptide serum,unknown,different-session,HOCl adjunct evidence gap,s21; s36; s50; s51,https://pubmed.ncbi.nlm.nih.gov/41315336/; https://pubmed.ncbi.nlm.nih.gov/39768384/; https://pmc.ncbi.nlm.nih.gov/articles/PMC6303114/; https://pmc.ncbi.nlm.nih.gov/articles/PMC12730738/,"HOCl reviews emphasize formulation chemistry, but no direct human sequential-use evidence with topical TXA or a non-copper peptide was located. Keep the finished products separate until the exact formulas are known."
P279,hocl,Finished hypochlorous-acid spray,copper_peptide,Copper peptide serum,separate,different-session,Oxidant separation for copper-peptide formula certainty,s16; s50; s51; s52; s57,https://pubmed.ncbi.nlm.nih.gov/25384620/; https://pmc.ncbi.nlm.nih.gov/articles/PMC6303114/; https://pmc.ncbi.nlm.nih.gov/articles/PMC12730738/; https://pubmed.ncbi.nlm.nih.gov/18161634/; https://pmc.ncbi.nlm.nih.gov/articles/PMC11830136/,"GHK-Cu is susceptible to oxidative stress in preformulation work, while benzoyl peroxide and HOCl are oxidant/formulation-sensitive lanes. No human skin-layering reaction was established; separate finished products and do not premix."
P280,hydroquinone,Hydroquinone course,triple_combo,Prescription triple-combination cream,avoid,week,Duplicate prescription actives,s6,source_docs/DailyMed_TriLuma_label_2026-08-23.pdf,Triple-combination cream already contains tretinoin and hydroquinone. Adding a separate retinoid or hydroquinone recreates/duplicates a prescription regimen without formulation or dose control.
P281,hydroquinone,Hydroquinone course,txa,Topical tranexamic acid,caution,different-session,Prescription pigment course plus adjunct,s21; s30; s31; s32,https://pubmed.ncbi.nlm.nih.gov/41315336/; https://pubmed.ncbi.nlm.nih.gov/35510765/; https://pubmed.ncbi.nlm.nih.gov/38638185/; https://pubmed.ncbi.nlm.nih.gov/39555866/,"Hydroquinone courses and pigment adjuncts have different evidence, duration, and irritation boundaries. Separate independent products and keep diagnosis and duration clinician-controlled."
P282,hydroquinone,Hydroquinone course,cysteamine,Topical cysteamine,caution,different-session,Additive irritation load,,,"No direct cancellation rule was found, but placing two higher-load treatments together can make redness, dryness, or PIH more likely and harder to attribute."
P283,hydroquinone,Hydroquinone course,other_pigment,Other pigment serum,caution,different-session,Prescription pigment course plus adjunct,s21; s30; s31; s32,https://pubmed.ncbi.nlm.nih.gov/41315336/; https://pubmed.ncbi.nlm.nih.gov/35510765/; https://pubmed.ncbi.nlm.nih.gov/38638185/; https://pubmed.ncbi.nlm.nih.gov/39555866/,"Hydroquinone courses and pigment adjuncts have different evidence, duration, and irritation boundaries. Separate independent products and keep diagnosis and duration clinician-controlled."
P284,hydroquinone,Hydroquinone course,peptide,Non-copper peptide serum,caution,different-session,Prescription pigment course plus adjunct,s21; s30; s31; s32,https://pubmed.ncbi.nlm.nih.gov/41315336/; https://pubmed.ncbi.nlm.nih.gov/35510765/; https://pubmed.ncbi.nlm.nih.gov/38638185/; https://pubmed.ncbi.nlm.nih.gov/39555866/,"Hydroquinone courses and pigment adjuncts have different evidence, duration, and irritation boundaries. Separate independent products and keep diagnosis and duration clinician-controlled."
P285,hydroquinone,Hydroquinone course,copper_peptide,Copper peptide serum,caution,different-session,Prescription or high-load treatment plus copper peptide,s5; s6; s14; s29; s30; s31; s49,source_docs/DailyMed_dapsone_gel_label_2026-08-23.pdf; source_docs/DailyMed_TriLuma_label_2026-08-23.pdf; https://pdf.hres.ca/dpd_pm/00052770.PDF; https://pubmed.ncbi.nlm.nih.gov/32585079/; https://pubmed.ncbi.nlm.nih.gov/35510765/; https://pubmed.ncbi.nlm.nih.gov/38638185/; https://dailymed.nlm.nih.gov/dailymed/lookup.cfm?setid=fdcaaa56-a27d-5bd9-e053-6294a90a1160&version=3,"No direct chemical cancellation study was located. Prescription labels, defined pigment-course contact times, and active-load irritation make separate sessions the conservative starting category; this is not an avoid rule."
P286,triple_combo,Prescription triple-combination cream,txa,Topical tranexamic acid,caution,different-session,Triple-combination course plus adjunct,s6; s21; s22,source_docs/DailyMed_TriLuma_label_2026-08-23.pdf; https://pubmed.ncbi.nlm.nih.gov/41315336/; https://pubmed.ncbi.nlm.nih.gov/31664751/,"The prescription already contains hydroquinone and tretinoin. Adjuncts may be studied in pigment routines, but adding them to a prescription course should be clinician-directed and separated initially."
P287,triple_combo,Prescription triple-combination cream,cysteamine,Topical cysteamine,caution,different-session,Additive irritation load,,,"No direct cancellation rule was found, but placing two higher-load treatments together can make redness, dryness, or PIH more likely and harder to attribute."
P288,triple_combo,Prescription triple-combination cream,other_pigment,Other pigment serum,caution,different-session,Additive irritation load,,,"No direct cancellation rule was found, but placing two higher-load treatments together can make redness, dryness, or PIH more likely and harder to attribute."
P289,triple_combo,Prescription triple-combination cream,peptide,Non-copper peptide serum,caution,different-session,Triple-combination course plus adjunct,s6; s21; s22,source_docs/DailyMed_TriLuma_label_2026-08-23.pdf; https://pubmed.ncbi.nlm.nih.gov/41315336/; https://pubmed.ncbi.nlm.nih.gov/31664751/,"The prescription already contains hydroquinone and tretinoin. Adjuncts may be studied in pigment routines, but adding them to a prescription course should be clinician-directed and separated initially."
P290,triple_combo,Prescription triple-combination cream,copper_peptide,Copper peptide serum,caution,different-session,Prescription or high-load treatment plus copper peptide,s5; s6; s14; s29; s30; s31; s49,source_docs/DailyMed_dapsone_gel_label_2026-08-23.pdf; source_docs/DailyMed_TriLuma_label_2026-08-23.pdf; https://pdf.hres.ca/dpd_pm/00052770.PDF; https://pubmed.ncbi.nlm.nih.gov/32585079/; https://pubmed.ncbi.nlm.nih.gov/35510765/; https://pubmed.ncbi.nlm.nih.gov/38638185/; https://dailymed.nlm.nih.gov/dailymed/lookup.cfm?setid=fdcaaa56-a27d-5bd9-e053-6294a90a1160&version=3,"No direct chemical cancellation study was located. Prescription labels, defined pigment-course contact times, and active-load irritation make separate sessions the conservative starting category; this is not an avoid rule."
P291,txa,Topical tranexamic acid,cysteamine,Topical cysteamine,caution,different-session,Two pigment-treatment protocols,s21; s29; s30,https://pubmed.ncbi.nlm.nih.gov/41315336/; https://pubmed.ncbi.nlm.nih.gov/32585079/; https://pubmed.ncbi.nlm.nih.gov/35510765/,Cysteamine studies use a defined contact time and compare it with other pigment regimens; TXA studies use different vehicles and schedules. Keep separate until the treating plan says otherwise.
P292,txa,Topical tranexamic acid,other_pigment,Other pigment serum,compatible,exact formula check,TXA and pigment adjunct co-formulations exist,s22; s23; s25; s26,https://pubmed.ncbi.nlm.nih.gov/31664751/; https://pubmed.ncbi.nlm.nih.gov/24033822/; https://pubmed.ncbi.nlm.nih.gov/37102219/; https://pubmed.ncbi.nlm.nih.gov/24688154/,"Human studies have evaluated tranexamic acid with niacinamide, alpha-arbutin, licorice, or related pigment-support ingredients. The “other pigment” group is broad, so verify the full formula rather than treating this as permission to stack everything."
P293,txa,Topical tranexamic acid,peptide,Non-copper peptide serum,caution,different-session,Pigment adjunct plus peptide formula check,s21; s54,https://pubmed.ncbi.nlm.nih.gov/41315336/; https://pubmed.ncbi.nlm.nih.gov/32356369/,No direct pair trial was located for arbitrary topical TXA and peptide serums. Keep the low-load adjuncts separate while checking the exact vehicle and attribution of any reaction.
P294,txa,Topical tranexamic acid,copper_peptide,Copper peptide serum,compatible,exact formula check,Copper peptide + TXA formula evidence,s58; s62,https://pubmed.ncbi.nlm.nih.gov/27064823/; https://dailymed.nlm.nih.gov/dailymed/getFile.cfm?setid=9b597c62-4b78-1656-e053-2a95a90afaf6&type=pdf,"A human case report used a mixed copper-GHK, hyaluronic-acid, tranexamic-acid, and beta-glucan preparation with a Jet-M resurfacing procedure; a separate label also lists the pair. This is low-strength, procedure/formula-specific evidence—not a universal layering recommendation."
P295,cysteamine,Topical cysteamine,other_pigment,Other pigment serum,caution,different-session,Cysteamine course plus adjunct,s29; s30; s31,https://pubmed.ncbi.nlm.nih.gov/32585079/; https://pubmed.ncbi.nlm.nih.gov/35510765/; https://pubmed.ncbi.nlm.nih.gov/38638185/,Cysteamine is a defined pigment treatment with contact-time and irritation limits; comparator studies do not prove that any additional serum belongs in the same session.
P296,cysteamine,Topical cysteamine,peptide,Non-copper peptide serum,caution,different-session,Cysteamine course plus adjunct,s29; s30; s31,https://pubmed.ncbi.nlm.nih.gov/32585079/; https://pubmed.ncbi.nlm.nih.gov/35510765/; https://pubmed.ncbi.nlm.nih.gov/38638185/,Cysteamine is a defined pigment treatment with contact-time and irritation limits; comparator studies do not prove that any additional serum belongs in the same session.
P297,cysteamine,Topical cysteamine,copper_peptide,Copper peptide serum,caution,different-session,Prescription or high-load treatment plus copper peptide,s5; s6; s14; s29; s30; s31; s49,source_docs/DailyMed_dapsone_gel_label_2026-08-23.pdf; source_docs/DailyMed_TriLuma_label_2026-08-23.pdf; https://pdf.hres.ca/dpd_pm/00052770.PDF; https://pubmed.ncbi.nlm.nih.gov/32585079/; https://pubmed.ncbi.nlm.nih.gov/35510765/; https://pubmed.ncbi.nlm.nih.gov/38638185/; https://dailymed.nlm.nih.gov/dailymed/lookup.cfm?setid=fdcaaa56-a27d-5bd9-e053-6294a90a1160&version=3,"No direct chemical cancellation study was located. Prescription labels, defined pigment-course contact times, and active-load irritation make separate sessions the conservative starting category; this is not an avoid rule."
P298,other_pigment,Other pigment serum,peptide,Non-copper peptide serum,caution,different-session,Broad pigment formula plus peptide,s15; s32; s35,https://pubmed.ncbi.nlm.nih.gov/29104718/; https://pubmed.ncbi.nlm.nih.gov/39555866/; https://pubmed.ncbi.nlm.nih.gov/32869963/,"“Other pigment” spans chemically different ingredients. Some multi-active formulas contain peptides, but the full INCI and delivery system matter more than the family label; separate new products until tolerated."
P299,other_pigment,Other pigment serum,copper_peptide,Copper peptide serum,compatible,exact formula check,Co-formulated with an arbutin-type pigment ingredient,s62,https://dailymed.nlm.nih.gov/dailymed/getFile.cfm?setid=9b597c62-4b78-1656-e053-2a95a90afaf6&type=pdf,"A DailyMed ingredient label lists copper tripeptide-1 with arbutin and other pigment-support ingredients. “Other pigment” is broad, so verify the exact INCI rather than treating one arbutin formula as a clearance for every pigment active."
P300,peptide,Non-copper peptide serum,copper_peptide,Copper peptide serum,compatible,exact formula check,Co-formulated with other peptides,s59; s62,https://pubmed.ncbi.nlm.nih.gov/41797621/; https://dailymed.nlm.nih.gov/dailymed/getFile.cfm?setid=9b597c62-4b78-1656-e053-2a95a90afaf6&type=pdf,"A human open-label study evaluated a multi-peptide serum whose INCI included copper tripeptide-1, and a separate label lists additional peptides with it. This supports designed peptide blends, not unlimited peptide stacking."
